frame,time,reaction_progress,separation,max_devi_f,trust_candidate,cv_eligible,selected,matched_region
0,0.00,1.105815,1.942283,0.04961590,0,0,0,
1,0.01,0.331562,0.191233,0.06093881,1,0,0,
2,0.02,0.019760,0.001188,0.05923742,1,0,0,
3,0.03,0.015121,0.000627,0.05344536,1,0,0,
4,0.04,0.016186,0.000895,0.02783972,0,0,0,
5,0.05,0.012969,0.000777,0.02044674,0,0,0,
6,0.06,0.022019,0.001386,0.01944862,0,0,0,
7,0.07,0.023156,0.001393,0.02372279,0,0,0,
8,0.08,0.021227,0.001238,0.02455064,0,0,0,
9,0.09,0.013114,0.000537,0.02434681,0,0,0,
10,0.10,0.013448,0.000313,0.02248507,0,0,0,
11,0.11,0.016049,0.000412,0.01966902,0,0,0,
12,0.12,0.017693,0.000482,0.02341077,0,0,0,
13,0.13,0.016127,0.000761,0.02579630,0,0,0,
14,0.14,0.020162,0.001281,0.05144615,1,0,0,
15,0.15,0.020395,0.001199,0.01967215,0,0,0,
16,0.16,0.019135,0.000837,0.02595787,0,0,0,
17,0.17,0.020178,0.000676,0.02177225,0,0,0,
18,0.18,0.009473,0.000183,0.02256918,0,0,0,
19,0.19,0.009279,0.000359,0.02015445,0,0,0,
20,0.20,0.012128,0.000423,0.02120156,0,0,0,
21,0.21,0.016742,0.000393,0.02194979,0,0,0,
22,0.22,0.013437,0.000343,0.02796806,0,0,0,
23,0.23,0.009429,0.000321,0.02124030,0,0,0,
24,0.24,0.011918,0.000550,0.04441967,0,0,0,
25,0.25,0.023250,0.001028,0.03967326,0,0,0,
26,0.26,0.031458,0.001500,0.03288619,0,0,0,
27,0.27,0.019661,0.000592,0.02527180,0,0,0,
28,0.28,0.014085,0.000458,0.01784565,0,0,0,
29,0.29,0.009706,0.000239,0.02170850,0,0,0,
30,0.30,0.011144,0.000294,0.02728277,0,0,0,
31,0.31,0.012418,0.000213,0.02351867,0,0,0,
32,0.32,0.012123,0.000196,0.02181650,0,0,0,
33,0.33,0.010015,0.000245,0.01914208,0,0,0,
34,0.34,0.007894,0.000187,0.02482795,0,0,0,
35,0.35,0.009761,0.000345,0.02180794,0,0,0,
36,0.36,0.010108,0.000311,0.02329434,0,0,0,
37,0.37,0.010420,0.000482,0.02324096,0,0,0,
38,0.38,0.013528,0.000965,0.02823779,0,0,0,
39,0.39,0.010173,0.000517,0.01753681,0,0,0,
40,0.40,0.011577,0.000242,0.01798410,0,0,0,
41,0.41,0.025036,0.001414,0.02419145,0,0,0,
42,0.42,0.026353,0.001121,0.02858934,0,0,0,
43,0.43,0.019892,0.000571,0.02840356,0,0,0,
44,0.44,0.013585,0.000587,0.02085866,0,0,0,
45,0.45,0.016640,0.000598,0.03118467,0,0,0,
46,0.46,0.015723,0.000394,0.01906577,0,0,0,
47,0.47,0.016313,0.000407,0.02138059,0,0,0,
48,0.48,0.014443,0.000548,0.02070893,0,0,0,
49,0.49,0.011040,0.000286,0.01872310,0,0,0,
50,0.50,0.011937,0.000540,0.02750703,0,0,0,
51,0.51,0.015158,0.000560,0.02192241,0,0,0,
52,0.52,0.010657,0.000284,0.01776688,0,0,0,
53,0.53,0.010401,0.000369,0.02289455,0,0,0,
54,0.54,0.011122,0.000329,0.01865144,0,0,0,
55,0.55,0.015647,0.000683,0.01956066,0,0,0,
56,0.56,0.013895,0.000430,0.02359367,0,0,0,
57,0.57,0.011968,0.000555,0.02236513,0,0,0,
58,0.58,0.009357,0.000494,0.01909008,0,0,0,
59,0.59,0.009896,0.000489,0.02554168,0,0,0,
60,0.60,0.010540,0.000469,0.02262115,0,0,0,
61,0.61,0.014809,0.000618,0.02580543,0,0,0,
62,0.62,0.017193,0.000702,0.02152058,0,0,0,
63,0.63,0.010999,0.000174,0.02051130,0,0,0,
64,0.64,0.013869,0.000306,0.02556637,0,0,0,
65,0.65,0.010904,0.000343,0.01920412,0,0,0,
66,0.66,0.012697,0.000363,0.01945871,0,0,0,
67,0.67,0.011975,0.000500,0.01809954,0,0,0,
68,0.68,0.011196,0.000469,0.01707521,0,0,0,
69,0.69,0.007142,0.000284,0.02382142,0,0,0,
70,0.70,0.016259,0.000998,0.01840609,0,0,0,
71,0.71,0.027881,0.001535,0.02184007,0,0,0,
72,0.72,0.030091,0.001813,0.02435253,0,0,0,
73,0.73,0.018154,0.000479,0.01902470,0,0,0,
74,0.74,0.015256,0.000363,0.02222169,0,0,0,
75,0.75,0.019313,0.001091,0.02733814,0,0,0,
76,0.76,0.027252,0.003231,0.02872039,0,0,0,
77,0.77,0.051430,0.010054,0.03652025,0,0,0,
78,0.78,0.035322,0.004044,0.02531417,0,0,0,
79,0.79,0.017857,0.000838,0.02406112,0,0,0,
80,0.80,0.018969,0.000592,0.02688467,0,0,0,
81,0.81,0.015474,0.000510,0.02670296,0,0,0,
82,0.82,0.016563,0.000593,0.02272544,0,0,0,
83,0.83,0.019157,0.000736,0.02064913,0,0,0,
84,0.84,0.012060,0.000384,0.02100043,0,0,0,
85,0.85,0.011506,0.000368,0.02049360,0,0,0,
86,0.86,0.009979,0.000329,0.02744572,0,0,0,
87,0.87,0.010942,0.000463,0.01978316,0,0,0,
88,0.88,0.011798,0.000588,0.02206948,0,0,0,
89,0.89,0.010285,0.000527,0.02133923,0,0,0,
90,0.90,0.021774,0.001712,0.02534853,0,0,0,
91,0.91,0.038509,0.003669,0.03681208,0,0,0,
92,0.92,0.033018,0.002755,0.02284027,0,0,0,
93,0.93,0.018791,0.000927,0.02172029,0,0,0,
94,0.94,0.018234,0.000801,0.01870684,0,0,0,
95,0.95,0.020130,0.000769,0.01850184,0,0,0,
96,0.96,0.020244,0.000883,0.02184313,0,0,0,
97,0.97,0.018864,0.001090,0.02194781,0,0,0,
98,0.98,0.018311,0.001509,0.01948795,0,0,0,
99,0.99,0.020064,0.001663,0.02840096,0,0,0,
100,1.00,0.019077,0.001242,0.02277661,0,0,0,
101,1.01,0.023286,0.001853,0.02369463,0,0,0,
102,1.02,0.018474,0.001251,0.02714814,0,0,0,
103,1.03,0.017429,0.001248,0.02372907,0,0,0,
104,1.04,0.020964,0.001755,0.01983618,0,0,0,
105,1.05,0.009197,0.000367,0.01799053,0,0,0,
106,1.06,0.012003,0.000570,0.02224214,0,0,0,
107,1.07,0.019526,0.001141,0.02335578,0,0,0,
108,1.08,0.021156,0.001393,0.01771931,0,0,0,
109,1.09,0.018428,0.001191,0.02273700,0,0,0,
110,1.10,0.012116,0.000442,0.02075744,0,0,0,
111,1.11,0.011658,0.000432,0.01953444,0,0,0,
112,1.12,0.014241,0.000583,0.02664369,0,0,0,
113,1.13,0.021358,0.001444,0.03115565,0,0,0,
114,1.14,0.027039,0.001779,0.02510588,0,0,0,
115,1.15,0.017038,0.000787,0.01965111,0,0,0,
116,1.16,0.010988,0.000330,0.03098418,0,0,0,
117,1.17,0.011210,0.000660,0.02045288,0,0,0,
118,1.18,0.015711,0.001307,0.02363697,0,0,0,
119,1.19,0.016042,0.000958,0.02507741,0,0,0,
120,1.20,0.018825,0.000915,0.02022073,0,0,0,
121,1.21,0.024180,0.001119,0.02246534,0,0,0,
122,1.22,0.022116,0.001004,0.02126389,0,0,0,
123,1.23,0.016793,0.000921,0.02050606,0,0,0,
124,1.24,0.014840,0.000488,0.02343327,0,0,0,
125,1.25,0.018652,0.000941,0.02415912,0,0,0,
126,1.26,0.025512,0.001551,0.02146280,0,0,0,
127,1.27,0.022311,0.001029,0.02339064,0,0,0,
128,1.28,0.018308,0.000701,0.02302663,0,0,0,
129,1.29,0.021488,0.000885,0.02757634,0,0,0,
130,1.30,0.017551,0.000682,0.02615543,0,0,0,
131,1.31,0.016619,0.000503,0.02356606,0,0,0,
132,1.32,0.024560,0.000899,0.03064279,0,0,0,
133,1.33,0.022507,0.000855,0.03000840,0,0,0,
134,1.34,0.017543,0.000857,0.02226275,0,0,0,
135,1.35,0.014940,0.000862,0.02674305,0,0,0,
136,1.36,0.011552,0.000319,0.01881909,0,0,0,
137,1.37,0.013604,0.000464,0.02481224,0,0,0,
138,1.38,0.018372,0.000525,0.02273207,0,0,0,
139,1.39,0.019235,0.000684,0.02353915,0,0,0,
140,1.40,0.028047,0.003225,0.02730998,0,0,0,
141,1.41,0.046392,0.009715,0.03499450,0,0,0,
142,1.42,0.027694,0.003559,0.02335567,0,0,0,
143,1.43,0.023854,0.002109,0.02517547,0,0,0,
144,1.44,0.015518,0.000704,0.02061856,0,0,0,
145,1.45,0.013458,0.000251,0.02310450,0,0,0,
146,1.46,0.013014,0.000207,0.01796815,0,0,0,
147,1.47,0.013557,0.000304,0.02586428,0,0,0,
148,1.48,0.015569,0.000423,0.02424156,0,0,0,
149,1.49,0.027060,0.001927,0.01999697,0,0,0,
150,1.50,0.027757,0.002316,0.02159605,0,0,0,
151,1.51,0.043176,0.004790,0.02650083,0,0,0,
152,1.52,0.026798,0.001629,0.02228425,0,0,0,
153,1.53,0.022794,0.000558,0.02336308,0,0,0,
154,1.54,0.015406,0.000294,0.01977937,0,0,0,
155,1.55,0.018692,0.000651,0.02297709,0,0,0,
156,1.56,0.015018,0.000689,0.01776250,0,0,0,
157,1.57,0.009261,0.000227,0.01849293,0,0,0,
158,1.58,0.011427,0.000320,0.01819372,0,0,0,
159,1.59,0.013239,0.000336,0.02071189,0,0,0,
160,1.60,0.013694,0.000220,0.02089608,0,0,0,
161,1.61,0.017683,0.000768,0.02342461,0,0,0,
162,1.62,0.013233,0.000551,0.02027825,0,0,0,
163,1.63,0.900855,1.529681,0.05331437,1,1,1,transition_segment
164,1.64,0.484640,0.608733,0.05957867,1,0,0,
165,1.65,0.043853,0.005120,0.03978472,0,0,0,
166,1.66,0.043585,0.005333,0.03596644,0,0,0,
167,1.67,0.014405,0.000612,0.02918893,0,0,0,
168,1.68,0.016425,0.000891,0.02189844,0,0,0,
169,1.69,0.015143,0.000875,0.02401313,0,0,0,
170,1.70,0.017368,0.001249,0.02548712,0,0,0,
171,1.71,0.016213,0.000920,0.02437025,0,0,0,
172,1.72,0.016913,0.001005,0.02194207,0,0,0,
173,1.73,0.015086,0.000888,0.01979848,0,0,0,
174,1.74,0.021291,0.001497,0.02461621,0,0,0,
175,1.75,0.020383,0.000997,0.02500127,0,0,0,
176,1.76,0.018635,0.000640,0.02382394,0,0,0,
177,1.77,0.018488,0.000813,0.02605475,0,0,0,
178,1.78,0.024967,0.001477,0.02440353,0,0,0,
179,1.79,0.034531,0.002588,0.02369020,0,0,0,
180,1.80,0.020431,0.000908,0.03708088,0,0,0,
181,1.81,0.013753,0.000629,0.03452110,0,0,0,
182,1.82,0.013158,0.000500,0.02100194,0,0,0,
183,1.83,0.011864,0.000417,0.02288005,0,0,0,
184,1.84,0.015256,0.000651,0.02287515,0,0,0,
185,1.85,0.013078,0.000755,0.02468019,0,0,0,
186,1.86,0.016754,0.000782,0.02099801,0,0,0,
187,1.87,0.013360,0.000561,0.02538472,0,0,0,
188,1.88,0.013209,0.000458,0.02271606,0,0,0,
189,1.89,0.010307,0.000427,0.03093454,0,0,0,
190,1.90,0.013170,0.000518,0.02626039,0,0,0,
191,1.91,0.018349,0.000714,0.02302599,0,0,0,
192,1.92,0.014416,0.000328,0.02630068,0,0,0,
193,1.93,0.012564,0.000417,0.02562546,0,0,0,
194,1.94,0.011247,0.000363,0.02923357,0,0,0,
195,1.95,0.008748,0.000231,0.02574721,0,0,0,
196,1.96,0.008859,0.000339,0.02095521,0,0,0,
197,1.97,0.013750,0.000542,0.02076666,0,0,0,
198,1.98,0.023891,0.001924,0.03317341,0,0,0,
199,1.99,0.017590,0.000656,0.02326960,0,0,0,
200,2.00,0.017735,0.000514,0.02229561,0,0,0,
201,2.01,0.015258,0.000575,0.02450925,0,0,0,
202,2.02,0.011897,0.000504,0.01884596,0,0,0,
203,2.03,0.020834,0.001805,0.03012403,0,0,0,
204,2.04,0.010339,0.000299,0.02143605,0,0,0,
205,2.05,0.008792,0.000246,0.02459818,0,0,0,
206,2.06,0.014618,0.000592,0.02220309,0,0,0,
207,2.07,0.019394,0.000988,0.02556364,0,0,0,
208,2.08,0.017979,0.000732,0.02134959,0,0,0,
209,2.09,0.011655,0.000320,0.02016710,0,0,0,
210,2.10,0.014188,0.000115,0.02235786,0,0,0,
211,2.11,0.014202,0.000087,0.02423788,0,0,0,
212,2.12,0.009897,0.000186,0.01944200,0,0,0,
213,2.13,0.005948,0.000200,0.01685156,0,0,0,
214,2.14,0.011429,0.000579,0.02130766,0,0,0,
215,2.15,0.013427,0.000639,0.02933774,0,0,0,
216,2.16,0.012394,0.000627,0.02129204,0,0,0,
217,2.17,0.015303,0.001202,0.02021269,0,0,0,
218,2.18,0.018818,0.001409,0.02890272,0,0,0,
219,2.19,0.010938,0.000607,0.03036456,0,0,0,
220,2.20,0.011184,0.000479,0.01903191,0,0,0,
221,2.21,0.015444,0.000743,0.02541968,0,0,0,
222,2.22,0.784176,1.219667,0.06805428,1,1,0,transition_segment
223,2.23,0.013949,0.000832,0.13911170,0,0,0,
224,2.24,1.749194,2.600542,0.08757440,1,0,0,
225,2.25,0.011663,0.000168,0.03349669,0,0,0,
226,2.26,1.452473,2.669835,0.12184940,0,0,0,
227,2.27,1.647871,2.683843,0.04698561,0,0,0,
228,2.28,0.012905,0.000575,0.03890275,0,0,0,
229,2.29,0.260288,0.213811,0.06248656,1,0,0,
230,2.30,0.019878,0.001561,0.03979785,0,0,0,
231,2.31,0.011547,0.000375,0.04719356,0,0,0,
232,2.32,0.011006,0.000421,0.02299489,0,0,0,
233,2.33,0.016031,0.000879,0.02878916,0,0,0,
234,2.34,0.018114,0.000906,0.02715667,0,0,0,
235,2.35,0.012140,0.000627,0.02660143,0,0,0,
236,2.36,0.014975,0.000804,0.03313928,0,0,0,
237,2.37,1.376650,2.245240,0.06836880,1,0,0,
238,2.38,0.022014,0.001475,0.06585662,1,0,0,
239,2.39,0.029721,0.003536,0.08336491,1,0,0,
240,2.40,0.027534,0.003446,0.06195040,1,0,0,
241,2.41,0.018375,0.001014,0.08505703,1,0,0,
242,2.42,0.013175,0.000639,0.08728684,1,0,0,
243,2.43,0.011168,0.000569,0.05449085,1,0,0,
244,2.44,0.011916,0.000500,0.05514987,1,0,0,
245,2.45,0.010788,0.000321,0.06610789,1,0,0,
246,2.46,0.009190,0.000229,0.05806168,1,0,0,
247,2.47,0.072829,0.017531,0.06548554,1,0,0,
248,2.48,0.539988,0.686398,0.04238153,0,0,0,
249,2.49,0.200309,0.092724,0.08670681,1,0,0,
250,2.50,0.032591,0.003361,0.08813916,1,0,0,
251,2.51,0.024927,0.002807,0.02647927,0,0,0,
252,2.52,0.015908,0.001408,0.02285889,0,0,0,
253,2.53,0.015184,0.001048,0.01980923,0,0,0,
254,2.54,0.014820,0.000693,0.02448332,0,0,0,
255,2.55,0.017787,0.000928,0.02385170,0,0,0,
256,2.56,0.021282,0.001239,0.02511199,0,0,0,
257,2.57,0.018451,0.001182,0.02654695,0,0,0,
258,2.58,0.017649,0.001721,0.03107057,0,0,0,
259,2.59,0.012373,0.001034,0.02965181,0,0,0,
260,2.60,0.009880,0.000514,0.02251834,0,0,0,
261,2.61,0.008037,0.000331,0.02573599,0,0,0,
262,2.62,0.012776,0.000568,0.02092221,0,0,0,
263,2.63,0.015301,0.000785,0.01976677,0,0,0,
264,2.64,0.011185,0.000558,0.02517081,0,0,0,
265,2.65,0.014293,0.000385,0.02094843,0,0,0,
266,2.66,0.011386,0.000183,0.02247390,0,0,0,
267,2.67,0.014903,0.000322,0.02287864,0,0,0,
268,2.68,0.011588,0.000327,0.02082327,0,0,0,
269,2.69,0.009617,0.000236,0.02098263,0,0,0,
270,2.70,0.014560,0.000527,0.02312412,0,0,0,
271,2.71,0.013399,0.000733,0.02458935,0,0,0,
272,2.72,0.010306,0.000380,0.01695642,0,0,0,
273,2.73,0.009058,0.000393,0.01820742,0,0,0,
274,2.74,0.012802,0.001100,0.02940013,0,0,0,
275,2.75,0.023068,0.002143,0.02497201,0,0,0,
276,2.76,0.021470,0.001571,0.02152467,0,0,0,
277,2.77,0.024809,0.002454,0.02217100,0,0,0,
278,2.78,0.014554,0.000927,0.01856072,0,0,0,
279,2.79,0.018040,0.001041,0.02257729,0,0,0,
280,2.80,0.037249,0.003605,0.02477265,0,0,0,
281,2.81,0.028782,0.003107,0.03347321,0,0,0,
282,2.82,0.013658,0.000311,0.02091251,0,0,0,
283,2.83,0.011827,0.000317,0.01684396,0,0,0,
284,2.84,0.009426,0.000213,0.01755144,0,0,0,
285,2.85,0.006858,0.000070,0.01634959,0,0,0,
286,2.86,0.008309,0.000135,0.01641654,0,0,0,
287,2.87,0.014332,0.000405,0.01936499,0,0,0,
288,2.88,0.014653,0.000412,0.01988489,0,0,0,
289,2.89,0.016618,0.000481,0.01987907,0,0,0,
290,2.90,0.019893,0.000592,0.02032435,0,0,0,
291,2.91,0.033327,0.002664,0.02392388,0,0,0,
292,2.92,0.032974,0.002464,0.02873497,0,0,0,
293,2.93,0.017890,0.001159,0.02722962,0,0,0,
294,2.94,0.018499,0.001073,0.02354324,0,0,0,
295,2.95,0.028576,0.001768,0.02304756,0,0,0,
296,2.96,0.026052,0.000958,0.02332204,0,0,0,
297,2.97,0.013541,0.000462,0.02464021,0,0,0,
298,2.98,0.008933,0.000385,0.01965459,0,0,0,
299,2.99,0.010691,0.000430,0.01740015,0,0,0,
300,3.00,0.017972,0.000623,0.02262283,0,0,0,
301,3.01,0.018993,0.000338,0.01912215,0,0,0,
302,3.02,0.015799,0.000327,0.02168458,0,0,0,
303,3.03,0.017303,0.000405,0.02159126,0,0,0,
304,3.04,0.021741,0.000681,0.02542390,0,0,0,
305,3.05,0.032022,0.000938,0.02274909,0,0,0,
306,3.06,0.029425,0.000992,0.02411964,0,0,0,
307,3.07,0.024502,0.000787,0.02580519,0,0,0,
308,3.08,0.015283,0.000628,0.02141243,0,0,0,
309,3.09,0.012741,0.000448,0.02768705,0,0,0,
310,3.10,0.020055,0.001086,0.01991479,0,0,0,
311,3.11,0.036244,0.003539,0.02483932,0,0,0,
312,3.12,0.027175,0.002049,0.02158330,0,0,0,
313,3.13,0.023943,0.001395,0.02244153,0,0,0,
314,3.14,0.018283,0.000868,0.02124364,0,0,0,
315,3.15,0.017647,0.000911,0.02722266,0,0,0,
316,3.16,0.014742,0.000671,0.02143554,0,0,0,
317,3.17,0.012868,0.000415,0.02315277,0,0,0,
318,3.18,0.011957,0.000452,0.01808727,0,0,0,
319,3.19,0.010665,0.000396,0.01732139,0,0,0,
320,3.20,0.010039,0.000401,0.02532358,0,0,0,
321,3.21,0.013626,0.000467,0.03014191,0,0,0,
322,3.22,0.013173,0.000219,0.02701246,0,0,0,
323,3.23,0.012685,0.000210,0.02359791,0,0,0,
324,3.24,0.008672,0.000138,0.02443428,0,0,0,
325,3.25,0.009512,0.000269,0.03798353,0,0,0,
326,3.26,0.016302,0.001201,0.03441732,0,0,0,
327,3.27,0.018015,0.000629,0.02024209,0,0,0,
328,3.28,0.017370,0.000732,0.02056683,0,0,0,
329,3.29,0.015950,0.000625,0.01907681,0,0,0,
330,3.30,0.020836,0.001000,0.01757759,0,0,0,
331,3.31,0.023586,0.001320,0.02414456,0,0,0,
332,3.32,0.034239,0.003275,0.02960231,0,0,0,
333,3.33,0.023215,0.001304,0.03292878,0,0,0,
334,3.34,0.035628,0.003072,0.02672450,0,0,0,
335,3.35,0.028172,0.002462,0.02344591,0,0,0,
336,3.36,0.036645,0.001922,0.02179877,0,0,0,
337,3.37,0.019691,0.000465,0.02070145,0,0,0,
338,3.38,0.010313,0.000174,0.02289517,0,0,0,
339,3.39,0.008039,0.000162,0.02171845,0,0,0,
340,3.40,0.010194,0.000214,0.02548015,0,0,0,
341,3.41,0.010981,0.000208,0.02086482,0,0,0,
342,3.42,0.012223,0.000415,0.01888749,0,0,0,
343,3.43,0.012439,0.000546,0.01768031,0,0,0,
344,3.44,0.014320,0.000436,0.02673115,0,0,0,
345,3.45,0.017483,0.000671,0.02602281,0,0,0,
346,3.46,0.024014,0.001000,0.02461230,0,0,0,
347,3.47,0.024688,0.001249,0.02845707,0,0,0,
348,3.48,0.021900,0.001240,0.02341990,0,0,0,
349,3.49,0.016910,0.001395,0.02984050,0,0,0,
350,3.50,0.014957,0.000913,0.02136036,0,0,0,
351,3.51,0.015203,0.000577,0.01970796,0,0,0,
352,3.52,0.013992,0.000349,0.02048356,0,0,0,
353,3.53,0.013515,0.000329,0.03041460,0,0,0,
354,3.54,0.012535,0.000378,0.01910181,0,0,0,
355,3.55,0.017549,0.000872,0.01908311,0,0,0,
356,3.56,0.026091,0.001556,0.02314981,0,0,0,
357,3.57,0.017171,0.000692,0.01996366,0,0,0,
358,3.58,0.015390,0.000463,0.01972338,0,0,0,
359,3.59,0.013726,0.000331,0.02017329,0,0,0,
360,3.60,0.016871,0.000748,0.02975213,0,0,0,
361,3.61,0.006612,0.000211,0.01865633,0,0,0,
362,3.62,0.013055,0.000356,0.03637604,0,0,0,
363,3.63,0.022016,0.000698,0.02256558,0,0,0,
364,3.64,0.040222,0.001470,0.02216534,0,0,0,
365,3.65,0.029297,0.001323,0.02308203,0,0,0,
366,3.66,0.024743,0.001290,0.02390260,0,0,0,
367,3.67,0.020589,0.000781,0.02060588,0,0,0,
368,3.68,0.037062,0.003734,0.02718440,0,0,0,
369,3.69,0.862443,1.378396,0.04620620,0,0,0,
370,3.70,0.092731,0.037709,0.03491064,0,0,0,
371,3.71,0.031281,0.002428,0.03017713,0,0,0,
372,3.72,1.335111,2.893551,0.06371507,1,0,0,
373,3.73,1.403266,4.274587,0.05223220,1,0,0,
374,3.74,1.447713,3.075646,0.05792469,1,0,0,
375,3.75,1.080812,3.155964,0.08255266,1,0,0,
376,3.76,1.500297,3.226349,0.05392262,1,0,0,
377,3.77,0.995283,3.696695,0.08899693,1,0,0,
378,3.78,1.230161,4.400010,0.07504178,1,0,0,
379,3.79,1.184819,4.798408,0.08160759,1,0,0,
380,3.80,1.051865,4.676064,0.09989012,1,0,0,
381,3.81,0.811867,4.742187,0.10380800,0,0,0,
382,3.82,1.220813,4.879958,0.04068488,0,0,0,
383,3.83,1.125995,5.646479,0.06309572,1,0,0,
384,3.84,1.355555,4.777433,0.07357041,1,0,0,
385,3.85,0.994477,4.640004,0.08523971,1,0,0,
386,3.86,1.082285,5.537411,0.07090690,1,0,0,
387,3.87,1.279021,5.603505,0.05788777,1,0,0,
388,3.88,1.176006,5.728325,0.10767600,0,0,0,
389,3.89,1.096794,5.752044,0.05463133,1,0,0,
390,3.90,0.973534,4.904968,0.05953594,1,0,0,
391,3.91,0.905023,5.187027,0.04756668,0,0,0,
392,3.92,1.164222,5.382406,0.03546462,0,0,0,
393,3.93,1.134704,5.517123,0.05244071,1,0,0,
394,3.94,1.261884,5.676639,0.04806630,0,0,0,
395,3.95,1.246413,5.365883,0.04800829,0,0,0,
396,3.96,1.586096,5.570572,0.04895028,0,0,0,
397,3.97,1.449298,5.366634,0.04411096,0,0,0,
398,3.98,1.133907,4.951672,0.04583930,0,0,0,
399,3.99,1.137983,4.994400,0.06660829,1,0,0,
400,4.00,0.955864,4.881546,0.05738625,1,0,0,
401,4.01,0.889447,4.842232,0.07138611,1,0,0,
402,4.02,1.231638,5.386532,0.05206949,1,0,0,
403,4.03,1.021251,5.510200,0.05056421,1,0,0,
404,4.04,1.205919,5.845824,0.05768639,1,0,0,
405,4.05,1.267250,6.235362,0.04404976,0,0,0,
406,4.06,1.237581,5.751202,0.03853705,0,0,0,
407,4.07,1.523733,5.919735,0.05324270,1,0,0,
408,4.08,1.410401,5.672454,0.05602476,1,0,0,
409,4.09,1.277312,5.147685,0.05158946,1,0,0,
410,4.10,1.260049,4.869707,0.06167958,1,0,0,
411,4.11,1.065329,4.661992,0.04766810,0,0,0,
412,4.12,1.305728,5.042445,0.05316559,1,0,0,
413,4.13,1.316319,4.917629,0.06001272,1,0,0,
414,4.14,1.133162,4.616368,0.05406219,1,0,0,
415,4.15,1.396308,4.852970,0.06107863,1,0,0,
416,4.16,0.989763,4.414081,0.04721121,0,0,0,
417,4.17,1.006438,4.522599,0.05317447,1,0,0,
418,4.18,1.287279,4.947106,0.07685547,1,0,0,
419,4.19,0.896403,4.429461,0.08734043,1,0,0,
420,4.20,1.223948,4.967321,0.08357131,1,0,0,
421,4.21,1.373931,5.101634,0.05413793,1,0,0,
422,4.22,1.460993,5.264472,0.05089062,1,0,0,
423,4.23,1.506565,5.399191,0.05173886,1,0,0,
424,4.24,1.514403,5.425929,0.06450065,1,0,0,
425,4.25,1.320754,5.192612,0.04498644,0,0,0,
426,4.26,1.059738,4.871463,0.05226537,1,0,0,
427,4.27,1.080093,4.939565,0.04087657,0,0,0,
428,4.28,1.086909,4.969845,0.05670618,1,0,0,
429,4.29,1.129365,4.979395,0.06661680,1,0,0,
430,4.30,1.159175,5.004717,0.05503530,1,0,0,
431,4.31,1.236775,5.025942,0.05806338,1,0,0,
432,4.32,1.239930,5.018986,0.05687139,1,0,0,
433,4.33,1.197973,5.006478,0.04989884,0,0,0,
434,4.34,1.402646,5.358207,0.06209836,1,0,0,
435,4.35,1.169509,4.936888,0.06585998,1,0,0,
436,4.36,1.458300,5.492278,0.06758870,1,0,0,
437,4.37,1.211425,5.147821,0.06728092,1,0,0,
438,4.38,1.278800,5.484386,0.05568272,1,0,0,
439,4.39,1.292749,5.600538,0.04870935,0,0,0,
440,4.40,1.128461,5.326076,0.05084755,1,0,0,
441,4.41,1.165722,5.160376,0.04972662,0,0,0,
442,4.42,1.226769,5.346896,0.05036494,1,0,0,
443,4.43,0.950983,4.663005,0.04477234,0,0,0,
444,4.44,0.921681,4.397079,0.05537841,1,0,0,
445,4.45,1.136582,5.022530,0.05450541,1,0,0,
446,4.46,0.962900,3.644089,0.07905361,1,0,0,
447,4.47,1.026826,3.666765,0.05713089,1,0,0,
448,4.48,1.029449,4.580925,0.05086747,1,0,0,
449,4.49,0.862351,3.548855,0.03961983,0,0,0,
450,4.50,0.970031,3.276919,0.04464486,0,0,0,
451,4.51,1.044371,4.437077,0.04390835,0,0,0,
452,4.52,1.217225,4.717256,0.05332798,1,0,0,
453,4.53,1.181380,4.656983,0.05172634,1,0,0,
454,4.54,1.001308,4.198160,0.06226865,1,0,0,
455,4.55,0.935547,3.481078,0.06825605,1,0,0,
456,4.56,0.993286,3.927196,0.07713546,1,0,0,
457,4.57,0.937098,3.877163,0.07490870,1,0,0,
458,4.58,1.298927,4.581022,0.06206142,1,0,0,
459,4.59,1.326105,4.672878,0.05657198,1,0,0,
460,4.60,1.390105,4.801627,0.05030799,1,0,0,
461,4.61,1.345314,4.834245,0.05836518,1,0,0,
462,4.62,1.175965,4.728900,0.06586343,1,0,0,
463,4.63,1.350965,4.961569,0.04770730,0,0,0,
464,4.64,1.287378,4.864972,0.05274175,1,0,0,
465,4.65,1.293734,4.868533,0.04196927,0,0,0,
466,4.66,1.111992,4.497590,0.04024628,0,0,0,
467,4.67,1.113347,4.467432,0.04206849,0,0,0,
468,4.68,1.102411,4.418656,0.06078866,1,0,0,
469,4.69,1.268109,4.951523,0.03817436,0,0,0,
470,4.70,1.283902,5.112154,0.03804055,0,0,0,
471,4.71,1.476338,5.609850,0.04648123,0,0,0,
472,4.72,1.209749,5.302252,0.04974608,0,0,0,
473,4.73,1.283811,5.604019,0.04911717,0,0,0,
474,4.74,0.841067,4.404378,0.04915016,0,0,0,
475,4.75,1.063617,5.155933,0.05693777,1,0,0,
476,4.76,1.319153,5.573996,0.04702520,0,0,0,
477,4.77,1.484581,5.728722,0.06670422,1,0,0,
478,4.78,1.384276,5.635794,0.04916495,0,0,0,
479,4.79,1.128126,5.179671,0.05101839,1,0,0,
480,4.80,1.290503,5.615614,0.03398650,0,0,0,
481,4.81,1.393586,5.735448,0.02981657,0,0,0,
482,4.82,1.395313,5.737979,0.04525369,0,0,0,
483,4.83,1.462434,5.828326,0.03591931,0,0,0,
484,4.84,1.331042,5.594025,0.05380643,1,0,0,
485,4.85,1.446777,5.816452,0.05586207,1,0,0,
486,4.86,1.384292,5.707002,0.04788681,0,0,0,
487,4.87,1.320701,5.513096,0.04450594,0,0,0,
488,4.88,1.598270,5.843383,0.04910894,0,0,0,
489,4.89,1.426547,5.670103,0.06056206,1,0,0,
490,4.90,1.270688,5.537190,0.05329535,1,0,0,
491,4.91,1.355360,5.685772,0.04294902,0,0,0,
492,4.92,1.241751,5.629431,0.05273579,1,0,0,
493,4.93,1.389308,5.577301,0.04678017,0,0,0,
494,4.94,1.431100,5.653733,0.03874784,0,0,0,
495,4.95,1.332785,5.578500,0.04689842,0,0,0,
496,4.96,1.068505,4.970053,0.04204079,0,0,0,
497,4.97,1.069046,4.563139,0.06059076,1,0,0,
498,4.98,1.244851,5.152802,0.05475548,1,0,0,
499,4.99,1.067295,4.398905,0.04370159,0,0,0,
500,5.00,1.131579,4.144379,0.05163012,1,0,0,
501,5.01,1.138452,4.046790,0.05175470,1,0,0,
502,5.02,1.377607,4.144344,0.04765005,0,0,0,
503,5.03,1.227295,4.140210,0.04538598,0,0,0,
504,5.04,1.282789,5.181071,0.06377128,1,0,0,
505,5.05,1.190965,4.301221,0.05774151,1,0,0,
506,5.06,1.162743,3.720508,0.05631303,1,0,0,
507,5.07,1.217444,4.547923,0.05165772,1,0,0,
508,5.08,1.085574,3.965198,0.04936760,0,0,0,
509,5.09,1.159247,4.651974,0.04026392,0,0,0,
510,5.10,1.021066,4.166841,0.04575269,0,0,0,
511,5.11,1.470944,5.162541,0.06277820,1,0,0,
512,5.12,1.404408,5.095135,0.04328314,0,0,0,
513,5.13,1.276686,4.753725,0.06551990,1,0,0,
514,5.14,1.317592,4.938083,0.05701099,1,0,0,
515,5.15,1.280221,4.929626,0.05124940,1,0,0,
516,5.16,1.471238,5.206654,0.06697875,1,0,0,
517,5.17,1.481788,5.222249,0.05754361,1,0,0,
518,5.18,1.493805,5.279209,0.06246506,1,0,0,
519,5.19,1.526479,5.328201,0.05466053,1,0,0,
520,5.20,1.446934,5.222032,0.04612981,0,0,0,
521,5.21,1.353554,5.109084,0.05601527,1,0,0,
522,5.22,1.101485,4.810344,0.05899208,1,0,0,
523,5.23,1.241172,4.920414,0.06736395,1,0,0,
524,5.24,1.183411,4.483980,0.07604200,1,0,0,
525,5.25,1.285047,4.714106,0.05637402,1,0,0,
526,5.26,1.152503,4.417660,0.07204360,1,0,0,
527,5.27,1.280928,4.477794,0.05812957,1,0,0,
528,5.28,1.201098,3.333058,0.06262014,1,0,0,
529,5.29,1.136915,3.472205,0.05087561,1,0,0,
530,5.30,1.352341,4.396708,0.04664992,0,0,0,
531,5.31,1.339923,3.381791,0.05572531,1,0,0,
532,5.32,1.211358,3.390323,0.05295039,1,0,0,
533,5.33,1.009657,3.597106,0.06154397,1,0,0,
534,5.34,1.172020,3.620635,0.06081026,1,0,0,
535,5.35,1.026505,3.585487,0.07261759,1,0,0,
536,5.36,0.953403,3.558928,0.07111337,1,0,0,
537,5.37,1.283189,3.788316,0.07345958,1,0,0,
538,5.38,1.312723,3.855968,0.04915516,0,0,0,
539,5.39,1.329928,3.890567,0.05436410,1,0,0,
540,5.40,1.407747,3.992896,0.04803884,0,0,0,
541,5.41,1.362050,3.996152,0.07501425,1,0,0,
542,5.42,0.966482,3.778622,0.06212613,1,0,0,
543,5.43,1.152145,3.882950,0.07255122,1,0,0,
544,5.44,1.095227,3.768096,0.06731369,1,0,0,
545,5.45,1.194434,3.726319,0.07082380,1,0,0,
546,5.46,1.336352,3.734158,0.05675866,1,0,0,
547,5.47,1.345086,3.683277,0.05136767,1,0,0,
548,5.48,1.307685,3.660834,0.05745988,1,0,0,
549,5.49,1.161922,3.563292,0.05120662,1,0,0,
550,5.50,1.237834,3.636709,0.05282636,1,0,0,
551,5.51,1.226671,3.747172,0.06230156,1,0,0,
552,5.52,1.159354,3.843981,0.05538301,1,0,0,
553,5.53,1.091607,3.889714,0.06151610,1,0,0,
554,5.54,1.117597,4.125828,0.05012380,1,0,0,
555,5.55,1.094964,4.239617,0.04321296,0,0,0,
556,5.56,1.234186,4.396902,0.04109737,0,0,0,
557,5.57,1.057818,4.215241,0.05587935,1,0,0,
558,5.58,1.106761,4.611356,0.04959631,0,0,0,
559,5.59,1.033915,4.574200,0.04229529,0,0,0,
560,5.60,0.917731,3.846089,0.05537952,1,0,0,
561,5.61,1.337774,5.220473,0.04832576,0,0,0,
562,5.62,1.270071,4.950238,0.07109066,1,0,0,
563,5.63,1.383063,5.527176,0.06666271,1,0,0,
564,5.64,1.466347,5.709488,0.03885704,0,0,0,
565,5.65,1.491208,5.798263,0.06215734,1,0,0,
566,5.66,1.505357,5.812691,0.03803316,0,0,0,
567,5.67,1.511236,5.857873,0.05699083,1,0,0,
568,5.68,1.455149,5.819961,0.04458832,0,0,0,
569,5.69,1.393544,5.744150,0.05912064,1,0,0,
570,5.70,1.110170,5.252136,0.05725852,1,0,0,
571,5.71,1.077005,5.445860,0.06089946,1,0,0,
572,5.72,1.356017,5.951317,0.06103545,1,0,0,
573,5.73,1.294666,5.991004,0.06160831,1,0,0,
574,5.74,1.279955,6.147190,0.05175755,1,1,0,separated_segment
575,5.75,1.237673,5.989070,0.03762241,0,0,0,
576,5.76,1.315435,5.929379,0.04731934,0,0,0,
577,5.77,1.364564,5.773167,0.03628641,0,0,0,
578,5.78,1.382589,5.781887,0.03594925,0,0,0,
579,5.79,1.584173,5.953030,0.03896199,0,0,0,
580,5.80,1.478375,5.901653,0.05186936,1,0,0,
581,5.81,1.407505,5.974857,0.04811359,0,0,0,
582,5.82,1.513410,6.183321,0.04488472,0,0,0,
583,5.83,1.205008,5.953631,0.04135999,0,0,0,
584,5.84,1.159048,5.974535,0.04869722,0,0,0,
585,5.85,1.161165,6.075209,0.04213153,0,0,0,
586,5.86,1.169579,6.029502,0.05658672,1,1,0,separated_segment
587,5.87,1.175927,5.874753,0.04071244,0,0,0,
588,5.88,1.302835,6.014725,0.03766595,0,0,0,
589,5.89,1.361176,6.091239,0.04569268,0,0,0,
590,5.90,1.347011,6.156856,0.05006835,1,1,0,separated_segment
591,5.91,1.362622,6.252273,0.04437450,0,0,0,
592,5.92,1.386620,6.359885,0.03259318,0,0,0,
593,5.93,1.295617,6.301163,0.04215866,0,0,0,
594,5.94,1.355275,6.367416,0.06036018,1,1,0,separated_segment
595,5.95,1.326768,6.339042,0.05936551,1,1,0,separated_segment
596,5.96,1.234926,6.224854,0.05294219,1,1,0,separated_segment
597,5.97,1.213825,6.004384,0.06541529,1,1,0,separated_segment
598,5.98,1.180470,5.797779,0.05185247,1,0,0,
599,5.99,1.218587,5.686080,0.05426699,1,0,0,
600,6.00,1.169415,4.734941,0.06416950,1,0,0,
601,6.01,1.256875,5.297084,0.06686607,1,0,0,
602,6.02,1.245602,4.856101,0.06939395,1,0,0,
603,6.03,1.505940,4.833358,0.05427273,1,0,0,
604,6.04,1.354439,4.787579,0.05422047,1,0,0,
605,6.05,1.251334,4.818911,0.03920062,0,0,0,
606,6.06,1.346612,5.628177,0.07553012,1,0,0,
607,6.07,1.417583,5.780634,0.06064293,1,0,0,
608,6.08,1.445313,5.880722,0.04912185,0,0,0,
609,6.09,1.570415,6.135637,0.04116966,0,0,0,
610,6.10,1.546438,6.102675,0.03611532,0,0,0,
611,6.11,1.446859,6.051360,0.04763791,0,0,0,
612,6.12,1.510280,6.049870,0.05423914,1,1,0,separated_segment
613,6.13,1.506085,5.990759,0.04329390,0,0,0,
614,6.14,1.565340,5.962285,0.05520021,1,0,0,
615,6.15,1.577623,5.901479,0.05230088,1,0,0,
616,6.16,1.493721,5.721781,0.05654379,1,0,0,
617,6.17,1.376376,5.535738,0.03719760,0,0,0,
618,6.18,1.322707,5.429819,0.04681631,0,0,0,
619,6.19,1.438865,5.621529,0.04331137,0,0,0,
620,6.20,1.573699,5.896602,0.03983142,0,0,0,
621,6.21,1.497916,5.906952,0.04551930,0,0,0,
622,6.22,1.545506,6.116141,0.04288584,0,0,0,
623,6.23,1.422261,6.026718,0.03995068,0,0,0,
624,6.24,1.151706,5.549950,0.05600660,1,0,0,
625,6.25,1.168559,4.824645,0.07491774,1,0,0,
626,6.26,1.263475,4.752490,0.06049369,1,0,0,
627,6.27,1.201789,4.736240,0.03592321,0,0,0,
628,6.28,1.220118,4.855655,0.04122070,0,0,0,
629,6.29,1.161034,4.747490,0.05790763,1,0,0,
630,6.30,1.375709,4.846563,0.05247015,1,0,0,
631,6.31,1.096733,4.807533,0.03402842,0,0,0,
632,6.32,1.248954,5.319402,0.04321838,0,0,0,
633,6.33,1.445707,5.493773,0.05992858,1,0,0,
634,6.34,1.189335,4.009975,0.04138875,0,0,0,
635,6.35,1.257668,5.113083,0.05861234,1,0,0,
636,6.36,1.309557,5.208210,0.05498363,1,0,0,
637,6.37,1.213768,4.939977,0.04278252,0,0,0,
638,6.38,1.089081,4.517663,0.04301085,0,0,0,
639,6.39,1.046623,4.339259,0.03919337,0,0,0,
640,6.40,0.801626,4.267633,0.06293345,1,0,0,
641,6.41,0.803645,4.173339,0.04849801,0,0,0,
642,6.42,0.848025,4.254530,0.05383905,1,0,0,
643,6.43,0.779957,4.345356,0.04891070,0,0,0,
644,6.44,1.073241,5.010117,0.04288811,0,0,0,
645,6.45,1.065876,4.971128,0.04034741,0,0,0,
646,6.46,1.099830,4.613198,0.04037904,0,0,0,
647,6.47,1.211367,4.633094,0.03462046,0,0,0,
648,6.48,1.171721,4.536508,0.04508154,0,0,0,
649,6.49,0.996741,4.358896,0.04045396,0,0,0,
650,6.50,1.129718,4.462239,0.03689705,0,0,0,
651,6.51,1.030488,4.259021,0.05788728,1,0,0,
652,6.52,1.346584,4.384288,0.04276892,0,0,0,
653,6.53,1.203042,4.073414,0.04737952,0,0,0,
654,6.54,1.415017,4.087553,0.05627528,1,0,0,
655,6.55,1.598983,4.323446,0.05263105,1,0,0,
656,6.56,1.487343,4.254683,0.04182274,0,0,0,
657,6.57,1.521638,4.292873,0.04555803,0,0,0,
658,6.58,1.412894,4.258713,0.05280964,1,0,0,
659,6.59,1.475945,4.278640,0.05144751,1,0,0,
660,6.60,1.531683,4.320315,0.05276329,1,0,0,
661,6.61,1.263209,4.187346,0.04486714,0,0,0,
662,6.62,1.331389,4.176338,0.04412478,0,0,0,
663,6.63,1.081786,4.013542,0.05330900,1,0,0,
664,6.64,1.221260,4.621938,0.06564494,1,0,0,
665,6.65,1.096929,4.300766,0.05895433,1,0,0,
666,6.66,1.250991,4.843585,0.05188308,1,0,0,
667,6.67,1.204310,4.563777,0.03720279,0,0,0,
668,6.68,1.539192,4.853179,0.05625836,1,0,0,
669,6.69,1.233433,4.681159,0.04111875,0,0,0,
670,6.70,1.180554,5.139538,0.07499729,1,0,0,
671,6.71,0.901821,4.183349,0.04775990,0,0,0,
672,6.72,0.847099,4.112275,0.04614710,0,0,0,
673,6.73,0.833669,3.856926,0.05026328,1,0,0,
674,6.74,1.111645,4.072791,0.05500882,1,0,0,
675,6.75,1.358826,4.101862,0.05211786,1,0,0,
676,6.76,1.030406,3.538858,0.04782209,0,0,0,
677,6.77,1.410690,3.976483,0.04053708,0,0,0,
678,6.78,1.212324,3.883668,0.05751233,1,0,0,
679,6.79,1.292839,3.921877,0.07087225,1,0,0,
680,6.80,1.428063,3.989061,0.04376182,0,0,0,
681,6.81,1.288277,3.863217,0.06533267,1,0,0,
682,6.82,1.231904,4.267444,0.04000918,0,0,0,
683,6.83,1.367538,3.834586,0.04986137,0,0,0,
684,6.84,1.187042,3.692159,0.04703579,0,0,0,
685,6.85,1.201496,3.706253,0.04191269,0,0,0,
686,6.86,1.213429,3.629354,0.03860936,0,0,0,
687,6.87,1.340806,3.804523,0.05270800,1,0,0,
688,6.88,1.312151,3.689326,0.04028274,0,0,0,
689,6.89,1.573632,3.882682,0.05412876,1,0,0,
690,6.90,1.593165,3.920299,0.03924152,0,0,0,
691,6.91,1.547057,4.010038,0.04002436,0,0,0,
692,6.92,1.471512,4.094225,0.04982026,0,0,0,
693,6.93,1.373477,4.140199,0.04609085,0,0,0,
694,6.94,1.017523,4.365310,0.04780142,0,0,0,
695,6.95,1.239562,4.166424,0.04198518,0,0,0,
696,6.96,1.197221,4.112622,0.06403751,1,0,0,
697,6.97,1.354253,4.200336,0.04024875,0,0,0,
698,6.98,1.270059,4.217956,0.05054211,1,0,0,
699,6.99,1.551273,4.398249,0.04684373,0,0,0,
700,7.00,1.481502,4.456429,0.03995152,0,0,0,
701,7.01,1.480190,4.555315,0.04611139,0,0,0,
702,7.02,1.571751,4.638735,0.05488339,1,0,0,
703,7.03,1.506607,4.614710,0.05488182,1,0,0,
704,7.04,1.554715,4.588482,0.05899708,1,0,0,
705,7.05,1.365736,4.182707,0.07063927,1,0,0,
706,7.06,1.125632,3.906694,0.05771026,1,0,0,
707,7.07,1.346030,4.209077,0.06517050,1,0,0,
708,7.08,1.258808,4.149524,0.06258434,1,0,0,
709,7.09,1.193301,4.166203,0.05598278,1,0,0,
710,7.10,1.487073,4.497317,0.05629683,1,0,0,
711,7.11,1.336563,4.119097,0.04757099,0,0,0,
712,7.12,1.385178,4.372136,0.05712746,1,0,0,
713,7.13,1.075868,3.396553,0.04492095,0,0,0,
714,7.14,1.165024,4.116817,0.09678008,1,0,0,
715,7.15,1.256797,4.233722,0.06014738,1,0,0,
716,7.16,1.381675,4.521423,0.04585395,0,0,0,
717,7.17,1.132466,4.491928,0.05070701,1,0,0,
718,7.18,1.303952,5.554261,0.04333794,0,0,0,
719,7.19,0.822128,4.166906,0.06028476,1,0,0,
720,7.20,0.919359,4.682132,0.05793194,1,0,0,
721,7.21,0.984765,4.559977,0.03887061,0,0,0,
722,7.22,0.983957,4.605378,0.05761334,1,0,0,
723,7.23,1.054207,4.776490,0.05934266,1,0,0,
724,7.24,1.078349,4.795486,0.05940522,1,0,0,
725,7.25,0.898858,4.317183,0.05156415,1,0,0,
726,7.26,0.848489,4.195759,0.05026787,1,0,0,
727,7.27,0.986532,4.319372,0.05570555,1,0,0,
728,7.28,1.079088,4.699990,0.04280145,0,0,0,
729,7.29,0.906505,4.340088,0.03644266,0,0,0,
730,7.30,0.912279,4.284292,0.03301257,0,0,0,
731,7.31,0.887381,4.299884,0.05735245,1,0,0,
732,7.32,0.847245,4.590862,0.06011590,1,0,0,
733,7.33,1.016965,3.982590,0.06875345,1,0,0,
734,7.34,0.774091,3.967139,0.05164560,1,0,0,
735,7.35,1.006133,3.854656,0.07580824,1,0,0,
736,7.36,1.119711,3.834433,0.05010224,1,0,0,
737,7.37,1.121335,3.573017,0.05136967,1,0,0,
738,7.38,1.176852,3.487981,0.05388589,1,0,0,
739,7.39,1.073601,3.072242,0.06453321,1,0,0,
740,7.40,1.306024,3.605126,0.07775444,1,0,0,
741,7.41,1.316915,3.697132,0.06593626,1,0,0,
742,7.42,1.347696,3.777721,0.05929287,1,0,0,
743,7.43,1.265725,3.807055,0.04730140,0,0,0,
744,7.44,1.284635,3.889364,0.06076540,1,0,0,
745,7.45,1.433608,3.963906,0.04152938,0,0,0,
746,7.46,1.331444,3.969603,0.04598015,0,0,0,
747,7.47,1.168522,3.661884,0.04254199,0,0,0,
748,7.48,1.294153,3.671129,0.04509736,0,0,0,
749,7.49,1.286598,3.692811,0.06234696,1,0,0,
750,7.50,1.263532,4.026011,0.05348442,1,0,0,
751,7.51,1.038649,3.662605,0.05425414,1,0,0,
752,7.52,1.111447,3.950696,0.06115413,1,0,0,
753,7.53,1.154686,3.877778,0.05486550,1,0,0,
754,7.54,1.243021,3.948240,0.04218357,0,0,0,
755,7.55,1.421461,4.203459,0.05147904,1,0,0,
756,7.56,1.370835,4.237155,0.04501574,0,0,0,
757,7.57,1.241087,4.144818,0.04954341,0,0,0,
758,7.58,1.316072,4.281080,0.04037419,0,0,0,
759,7.59,1.333591,4.305163,0.03686937,0,0,0,
760,7.60,1.322512,4.281363,0.03258445,0,0,0,
761,7.61,1.337852,4.245873,0.03211890,0,0,0,
762,7.62,1.265270,4.160120,0.04485328,0,0,0,
763,7.63,1.143241,3.548820,0.05384467,1,0,0,
764,7.64,1.111279,3.245329,0.05781868,1,0,0,
765,7.65,1.133429,3.368534,0.05597000,1,0,0,
766,7.66,1.070607,2.817846,0.04583417,0,0,0,
767,7.67,1.307189,3.986524,0.04524312,0,0,0,
768,7.68,1.239143,3.909621,0.03757160,0,0,0,
769,7.69,1.435160,4.151682,0.03437103,0,0,0,
770,7.70,1.163493,3.855590,0.05039743,1,0,0,
771,7.71,1.012518,3.797880,0.03601113,0,0,0,
772,7.72,1.106919,3.779052,0.06179160,1,0,0,
773,7.73,1.124886,4.025558,0.04827743,0,0,0,
774,7.74,1.113062,4.009266,0.04596634,0,0,0,
775,7.75,1.066044,3.945797,0.04940391,0,0,0,
776,7.76,1.225540,4.188793,0.04568202,0,0,0,
777,7.77,1.337634,4.262397,0.04364473,0,0,0,
778,7.78,1.419598,4.298554,0.05242636,1,0,0,
779,7.79,1.409527,4.337750,0.05663056,1,0,0,
780,7.80,1.095706,4.086036,0.03603631,0,0,0,
781,7.81,1.326982,4.452747,0.03960033,0,0,0,
782,7.82,1.467968,4.600553,0.05137318,1,0,0,
783,7.83,1.400638,4.619364,0.04504404,0,0,0,
784,7.84,1.057613,4.292273,0.04591317,0,0,0,
785,7.85,1.037936,4.344536,0.04832343,0,0,0,
786,7.86,0.982742,4.228868,0.05283123,1,0,0,
787,7.87,1.053038,4.122152,0.04334516,0,0,0,
788,7.88,1.031111,4.595417,0.07039338,1,0,0,
789,7.89,0.985482,3.930591,0.04598046,0,0,0,
790,7.90,1.031489,3.928626,0.06210165,1,0,0,
791,7.91,0.741115,4.106855,0.05225424,1,0,0,
792,7.92,1.260799,3.684197,0.05369637,1,0,0,
793,7.93,1.261485,3.814612,0.04387321,0,0,0,
794,7.94,1.389393,3.738054,0.03825096,0,0,0,
795,7.95,1.418902,3.765716,0.03919393,0,0,0,
796,7.96,1.385784,3.822265,0.04316576,0,0,0,
797,7.97,1.282140,3.693102,0.04340708,0,0,0,
798,7.98,1.386515,3.583553,0.05133164,1,0,0,
799,7.99,1.142670,2.838092,0.04192473,0,0,0,
800,8.00,1.111119,2.634123,0.05457369,1,0,0,
801,8.01,1.375814,3.601547,0.04524837,0,0,0,
802,8.02,1.354154,3.576713,0.03844953,0,0,0,
803,8.03,1.627533,3.930257,0.03745611,0,0,0,
804,8.04,1.592667,4.000442,0.03852637,0,0,0,
805,8.05,1.621181,4.133465,0.05065111,1,0,0,
806,8.06,1.610103,4.213246,0.04383474,0,0,0,
807,8.07,1.387092,4.037880,0.04647313,0,0,0,
808,8.08,1.310005,4.055318,0.05090851,1,0,0,
809,8.09,1.134594,4.061185,0.04406040,0,0,0,
810,8.10,1.068944,4.194256,0.05068343,1,0,0,
811,8.11,1.186375,4.384723,0.06009851,1,0,0,
812,8.12,0.939508,4.003676,0.05427003,1,0,0,
813,8.13,0.904753,3.440949,0.06164175,1,0,0,
814,8.14,0.922027,3.084206,0.04622962,0,0,0,
815,8.15,1.053198,3.641774,0.03776194,0,0,0,
816,8.16,1.003902,3.695315,0.04028684,0,0,0,
817,8.17,0.853384,3.524203,0.05094200,1,0,0,
818,8.18,1.024841,3.453257,0.05375943,1,0,0,
819,8.19,0.749256,2.661716,0.05633547,1,0,0,
820,8.20,0.738783,2.373969,0.05033622,1,0,0,
821,8.21,0.701332,1.381789,0.05405878,1,1,0,transition_segment
822,8.22,0.273148,0.241707,0.06200875,1,0,0,
823,8.23,1.185243,3.482537,0.05812445,1,0,0,
824,8.24,0.988846,2.020006,0.10614790,0,0,0,
825,8.25,1.203174,2.817607,0.07839066,1,0,0,
826,8.26,1.333794,2.391571,0.04666863,0,0,0,
827,8.27,1.237988,2.004212,0.08359797,1,0,0,
828,8.28,0.758538,1.534315,0.08585946,1,1,0,transition_segment
829,8.29,0.173811,0.210126,0.06503793,1,0,0,
830,8.30,0.035479,0.003510,0.02878876,0,0,0,
831,8.31,1.353178,2.286049,0.08283509,1,0,0,
832,8.32,0.018881,0.001520,0.04373312,0,0,0,
833,8.33,0.019544,0.000999,0.09085120,1,0,0,
834,8.34,0.017731,0.000915,0.03400078,0,0,0,
835,8.35,0.014684,0.000833,0.02297908,0,0,0,
836,8.36,0.020359,0.001095,0.02550415,0,0,0,
837,8.37,0.021166,0.001173,0.02203237,0,0,0,
838,8.38,0.017639,0.001069,0.04911423,0,0,0,
839,8.39,0.017487,0.001080,0.03439169,0,0,0,
840,8.40,0.013673,0.000549,0.05691403,1,0,0,
841,8.41,1.823136,2.558887,0.07552604,1,0,0,
842,8.42,0.030382,0.001657,0.02386670,0,0,0,
843,8.43,1.529979,2.689646,0.06349776,1,0,0,
844,8.44,1.148444,2.278678,0.07321331,1,0,0,
845,8.45,0.037548,0.010334,0.04187747,0,0,0,
846,8.46,0.788062,1.372506,0.09676630,1,1,1,transition_segment
847,8.47,1.130808,1.955119,0.06257399,1,1,0,transition_segment
848,8.48,0.577057,1.320883,0.08104439,1,1,1,transition_segment
849,8.49,1.252189,2.504885,0.06727952,1,0,0,
850,8.50,0.775944,1.323759,0.06537545,1,1,0,transition_segment
851,8.51,1.083560,1.889583,0.09152147,1,1,1,transition_segment
852,8.52,0.045829,0.004232,0.09789842,1,0,0,
853,8.53,0.904693,1.471650,0.05530999,1,1,0,transition_segment
854,8.54,0.289222,0.261983,0.05060999,1,0,0,
855,8.55,0.021393,0.001162,0.06198017,1,0,0,
856,8.56,0.015031,0.002295,0.09993200,1,0,0,
857,8.57,1.324389,2.228150,0.09668484,1,0,0,
858,8.58,0.060490,0.024216,0.04730536,0,0,0,
859,8.59,1.229520,2.729627,0.07416650,1,0,0,
860,8.60,0.097866,0.047513,0.04732499,0,0,0,
861,8.61,1.701353,2.384796,0.12647270,0,0,0,
862,8.62,0.013606,0.000919,0.05061368,1,0,0,
863,8.63,1.896454,2.599327,0.19928590,0,0,0,
864,8.64,0.016518,0.001293,0.02265768,0,0,0,
865,8.65,1.699959,2.913212,0.08267026,1,0,0,
866,8.66,1.186669,3.097825,0.07121892,1,0,0,
867,8.67,0.953624,2.691822,0.05423500,1,0,0,
868,8.68,0.925238,2.721906,0.09947972,1,0,0,
869,8.69,0.833957,1.765435,0.07247721,1,1,1,transition_segment
870,8.70,0.600496,1.149267,0.08153143,1,1,1,transition_segment
871,8.71,1.288054,2.131917,0.14173940,0,0,0,
872,8.72,1.034844,1.699859,0.05747192,1,1,1,transition_segment
873,8.73,0.017534,0.000975,0.04175769,0,0,0,
874,8.74,1.416759,2.369374,0.14366050,0,0,0,
875,8.75,0.037062,0.006793,0.04687035,0,0,0,
876,8.76,0.125132,0.064031,0.10362450,0,0,0,
877,8.77,0.035960,0.003477,0.09814448,1,0,0,
878,8.78,0.164384,0.053231,0.06873693,1,0,0,
879,8.79,0.213861,0.104790,0.05687399,1,0,0,
880,8.80,0.176555,0.047416,0.08885510,1,0,0,
881,8.81,0.025918,0.001061,0.04720463,0,0,0,
882,8.82,1.403702,2.297620,0.06722199,1,0,0,
883,8.83,0.079498,0.019001,0.06126204,1,0,0,
884,8.84,0.639590,1.461156,0.06579562,1,1,1,transition_segment
885,8.85,0.538585,0.889179,0.05957764,1,0,0,
886,8.86,0.288755,0.338334,0.04283634,0,0,0,
887,8.87,0.678646,1.303991,0.05716129,1,1,1,transition_segment
888,8.88,0.186854,0.110784,0.04119679,0,0,0,
889,8.89,0.178040,0.105975,0.07403599,1,0,0,
890,8.90,1.301391,2.063790,0.06841132,1,0,0,
891,8.91,1.134864,2.048098,0.07030441,1,0,0,
892,8.92,0.048381,0.009752,0.03878637,0,0,0,
893,8.93,1.407018,2.316481,0.08313200,1,0,0,
894,8.94,0.024062,0.001729,0.03371869,0,0,0,
895,8.95,0.440743,0.795840,0.03722777,0,0,0,
896,8.96,0.029238,0.004665,0.02786246,0,0,0,
897,8.97,0.029833,0.007295,0.04152097,0,0,0,
898,8.98,0.216026,0.254557,0.02786262,0,0,0,
899,8.99,0.632411,1.791905,0.07980706,1,1,1,transition_segment
900,9.00,0.922929,1.632667,0.04112062,0,0,0,
901,9.01,0.207291,0.145794,0.05138458,1,0,0,
902,9.02,0.017689,0.000720,0.09773512,1,0,0,
903,9.03,0.797959,1.526303,0.06075970,1,1,0,transition_segment
904,9.04,0.564067,1.662160,0.06388084,1,1,1,transition_segment
905,9.05,1.226823,2.324076,0.07379939,1,0,0,
906,9.06,0.505565,0.816631,0.04149855,0,0,0,
907,9.07,0.461203,0.685236,0.08138266,1,0,0,
908,9.08,0.520551,0.942688,0.06808216,1,0,0,
909,9.09,0.759707,1.800387,0.08542089,1,1,0,transition_segment
910,9.10,1.260036,2.482121,0.06926182,1,0,0,
911,9.11,1.138318,2.335869,0.06202053,1,0,0,
912,9.12,1.427049,3.102645,0.04773090,0,0,0,
913,9.13,1.126021,2.230489,0.06524566,1,0,0,
914,9.14,0.017923,0.002795,0.04900180,0,0,0,
915,9.15,1.346243,2.151425,0.05018989,1,0,0,
916,9.16,0.020033,0.001526,0.05597100,1,0,0,
917,9.17,0.766340,1.399507,0.05641181,1,1,0,transition_segment
918,9.18,0.550385,1.080114,0.06239452,1,1,0,transition_segment
919,9.19,0.622395,0.942029,0.11696280,0,0,0,
920,9.20,0.212351,0.145384,0.04889238,0,0,0,
921,9.21,0.034807,0.007431,0.04708133,0,0,0,
922,9.22,0.778597,1.229750,0.07077530,1,1,1,transition_segment
923,9.23,0.935701,1.474651,0.07027958,1,1,0,transition_segment
924,9.24,0.054985,0.008287,0.03950734,0,0,0,
925,9.25,0.184188,0.092862,0.08530271,1,0,0,
926,9.26,0.133246,0.054506,0.06952183,1,0,0,
927,9.27,0.337110,0.314356,0.04732824,0,0,0,
928,9.28,0.168154,0.081735,0.06317218,1,0,0,
929,9.29,0.166401,0.083672,0.07684651,1,0,0,
930,9.30,0.072524,0.020243,0.02896140,0,0,0,
931,9.31,0.035873,0.005851,0.02421809,0,0,0,
932,9.32,0.031431,0.005993,0.02729864,0,0,0,
933,9.33,0.019844,0.002086,0.03121821,0,0,0,
934,9.34,0.007872,0.000148,0.02824326,0,0,0,
935,9.35,0.009602,0.000176,0.02296783,0,0,0,
936,9.36,0.011123,0.000224,0.01759937,0,0,0,
937,9.37,0.013369,0.000332,0.02017808,0,0,0,
938,9.38,0.021690,0.000766,0.03236879,0,0,0,
939,9.39,0.025501,0.000963,0.03303205,0,0,0,
940,9.40,0.028015,0.001419,0.04796888,0,0,0,
941,9.41,0.034431,0.003142,0.04590724,0,0,0,
942,9.42,0.032910,0.003106,0.04391551,0,0,0,
943,9.43,0.068252,0.013891,0.04263791,0,0,0,
944,9.44,0.188062,0.093826,0.07175747,1,0,0,
945,9.45,0.628252,0.834576,0.05039350,1,0,0,
946,9.46,0.388317,0.375685,0.04548797,0,0,0,
947,9.47,0.031327,0.001271,0.04164128,0,0,0,
948,9.48,0.023857,0.001505,0.05173478,1,0,0,
949,9.49,0.039998,0.003459,0.04990788,0,0,0,
950,9.50,0.027377,0.002871,0.04169456,0,0,0,
951,9.51,0.019827,0.001291,0.04265351,0,0,0,
952,9.52,0.037371,0.001961,0.03201390,0,0,0,
953,9.53,0.030983,0.001256,0.04007302,0,0,0,
954,9.54,0.020864,0.000288,0.03457348,0,0,0,
955,9.55,0.018352,0.000563,0.02226967,0,0,0,
956,9.56,0.021849,0.001451,0.03089690,0,0,0,
957,9.57,0.019720,0.000900,0.02412940,0,0,0,
958,9.58,0.012706,0.000537,0.02203514,0,0,0,
959,9.59,0.014040,0.000562,0.02231142,0,0,0,
960,9.60,0.018387,0.000539,0.02011102,0,0,0,
961,9.61,0.020463,0.000912,0.03395101,0,0,0,
962,9.62,0.022145,0.001851,0.03403731,0,0,0,
963,9.63,0.021716,0.001635,0.02798907,0,0,0,
964,9.64,0.018706,0.001814,0.02872416,0,0,0,
965,9.65,0.020361,0.001340,0.02198245,0,0,0,
966,9.66,0.013728,0.000540,0.01897141,0,0,0,
967,9.67,0.011228,0.000461,0.03439613,0,0,0,
968,9.68,0.015681,0.000663,0.03105550,0,0,0,
969,9.69,0.014397,0.000770,0.02009983,0,0,0,
970,9.70,0.016686,0.000780,0.02230748,0,0,0,
971,9.71,0.018907,0.000679,0.02151909,0,0,0,
972,9.72,0.019806,0.000508,0.02383267,0,0,0,
973,9.73,0.021210,0.000482,0.02578603,0,0,0,
974,9.74,0.016921,0.000371,0.02237785,0,0,0,
975,9.75,0.016539,0.000685,0.02356940,0,0,0,
976,9.76,0.013741,0.000643,0.03214649,0,0,0,
977,9.77,0.013644,0.000820,0.02973462,0,0,0,
978,9.78,0.012474,0.000799,0.02664070,0,0,0,
979,9.79,0.028696,0.002436,0.02323786,0,0,0,
980,9.80,0.022334,0.001933,0.02482494,0,0,0,
981,9.81,0.483244,0.682866,0.04853487,0,0,0,
982,9.82,1.546483,2.301052,0.04239623,0,0,0,
983,9.83,0.031183,0.004975,0.04291972,0,0,0,
984,9.84,1.140587,2.169227,0.04854488,0,0,0,
985,9.85,1.510511,2.563458,0.04912719,0,0,0,
986,9.86,0.033038,0.002217,0.02917745,0,0,0,
987,9.87,1.060747,2.061742,0.03619426,0,0,0,
988,9.88,0.220716,0.272340,0.05420730,1,0,0,
989,9.89,0.210086,0.221747,0.04527304,0,0,0,
990,9.90,0.474623,0.620818,0.05396774,1,0,0,
991,9.91,1.479725,2.336113,0.06343105,1,0,0,
992,9.92,0.065033,0.013898,0.06306819,1,0,0,
993,9.93,1.220774,1.787615,0.08296670,1,1,1,transition_segment
994,9.94,1.572567,2.205033,0.05969430,1,0,0,
995,9.95,0.143652,0.075371,0.03660314,0,0,0,
996,9.96,1.726764,2.339491,0.11538560,0,0,0,
997,9.97,0.027600,0.002056,0.03057001,0,0,0,
998,9.98,1.742004,2.666085,0.06855821,1,0,0,
999,9.99,1.331241,3.485123,0.05552989,1,0,0,
1000,10.00,1.555004,4.064314,0.06903958,1,0,0,
1001,10.01,1.294805,2.929053,0.05769476,1,0,0,
1002,10.02,1.328289,4.364668,0.05514535,1,0,0,
1003,10.03,1.448632,2.606800,0.06702184,1,0,0,
1004,10.04,0.358251,0.883087,0.07444103,1,0,0,
1005,10.05,0.539065,1.005360,0.07257541,1,1,1,transition_segment
1006,10.06,0.158224,0.163466,0.10141190,0,0,0,
1007,10.07,0.032436,0.010068,0.06226354,1,0,0,
1008,10.08,0.031806,0.002671,0.05320633,1,0,0,
1009,10.09,0.029728,0.001369,0.04270495,0,0,0,
1010,10.10,0.062891,0.012015,0.03018695,0,0,0,
1011,10.11,0.026297,0.001373,0.02029131,0,0,0,
1012,10.12,0.024871,0.001248,0.02805902,0,0,0,
1013,10.13,0.017887,0.000738,0.04573324,0,0,0,
1014,10.14,0.011995,0.000390,0.02403367,0,0,0,
1015,10.15,0.013998,0.000541,0.02548626,0,0,0,
1016,10.16,0.023023,0.002064,0.02601728,0,0,0,
1017,10.17,0.022639,0.002191,0.02354989,0,0,0,
1018,10.18,0.012599,0.000870,0.02372064,0,0,0,
1019,10.19,0.011593,0.000842,0.02059087,0,0,0,
1020,10.20,0.015415,0.001392,0.02397603,0,0,0,
1021,10.21,0.016038,0.001223,0.02435610,0,0,0,
1022,10.22,0.014964,0.001066,0.02078532,0,0,0,
1023,10.23,0.012652,0.000628,0.02098039,0,0,0,
1024,10.24,0.012460,0.000794,0.01967740,0,0,0,
1025,10.25,0.016262,0.000779,0.03204181,0,0,0,
1026,10.26,0.013634,0.000651,0.01990137,0,0,0,
1027,10.27,0.014686,0.000968,0.01942342,0,0,0,
1028,10.28,0.014481,0.000840,0.02497257,0,0,0,
1029,10.29,0.013257,0.000607,0.02233800,0,0,0,
1030,10.30,0.017148,0.000607,0.02167138,0,0,0,
1031,10.31,0.018203,0.001111,0.02280240,0,0,0,
1032,10.32,0.023979,0.002578,0.02697429,0,0,0,
1033,10.33,0.018701,0.001433,0.02056768,0,0,0,
1034,10.34,0.017351,0.000938,0.02483730,0,0,0,
1035,10.35,0.020028,0.001190,0.02837630,0,0,0,
1036,10.36,0.035074,0.002843,0.03072314,0,0,0,
1037,10.37,0.025586,0.002212,0.02582798,0,0,0,
1038,10.38,0.022694,0.001761,0.02271910,0,0,0,
1039,10.39,0.016338,0.000612,0.02410277,0,0,0,
1040,10.40,0.025169,0.001992,0.02915602,0,0,0,
1041,10.41,0.017717,0.001164,0.02114512,0,0,0,
1042,10.42,0.013548,0.000905,0.01883359,0,0,0,
1043,10.43,0.013741,0.001270,0.02173322,0,0,0,
1044,10.44,0.016636,0.001292,0.02833375,0,0,0,
1045,10.45,0.017602,0.000791,0.02458056,0,0,0,
1046,10.46,0.019207,0.000509,0.02923861,0,0,0,
1047,10.47,0.018518,0.000776,0.02152849,0,0,0,
1048,10.48,0.020808,0.001089,0.02304348,0,0,0,
1049,10.49,0.017267,0.000846,0.02665730,0,0,0,
1050,10.50,0.021416,0.001087,0.02650543,0,0,0,
1051,10.51,0.027513,0.001832,0.03389349,0,0,0,
1052,10.52,0.029573,0.002223,0.03384373,0,0,0,
1053,10.53,0.023378,0.001636,0.02228738,0,0,0,
1054,10.54,0.015687,0.000365,0.02299860,0,0,0,
1055,10.55,0.017162,0.000420,0.01886496,0,0,0,
1056,10.56,0.017004,0.000693,0.02324654,0,0,0,
1057,10.57,0.012967,0.000549,0.02296421,0,0,0,
1058,10.58,0.009597,0.000301,0.02282361,0,0,0,
1059,10.59,0.011820,0.000513,0.01934481,0,0,0,
1060,10.60,0.018764,0.001144,0.02082781,0,0,0,
1061,10.61,0.025892,0.001640,0.03482415,0,0,0,
1062,10.62,0.025746,0.000992,0.02570075,0,0,0,
1063,10.63,0.011384,0.000231,0.02041675,0,0,0,
1064,10.64,0.012742,0.000399,0.02511351,0,0,0,
1065,10.65,0.028397,0.001705,0.03698463,0,0,0,
1066,10.66,0.046932,0.001989,0.03419602,0,0,0,
1067,10.67,0.036125,0.001512,0.03775331,0,0,0,
1068,10.68,0.018181,0.000448,0.03761673,0,0,0,
1069,10.69,0.026644,0.001535,0.02753945,0,0,0,
1070,10.70,0.098187,0.024206,0.04219901,0,0,0,
1071,10.71,0.983540,1.617400,0.04275592,0,0,0,
1072,10.72,0.040164,0.005373,0.03275799,0,0,0,
1073,10.73,0.013973,0.000635,0.01879826,0,0,0,
1074,10.74,0.017259,0.000871,0.02200179,0,0,0,
1075,10.75,0.022967,0.001477,0.02757454,0,0,0,
1076,10.76,0.022290,0.000891,0.02061117,0,0,0,
1077,10.77,0.019680,0.000820,0.02237076,0,0,0,
1078,10.78,0.013293,0.000270,0.02060020,0,0,0,
1079,10.79,0.012907,0.000267,0.01888404,0,0,0,
1080,10.80,0.011239,0.000381,0.02268860,0,0,0,
1081,10.81,0.009589,0.000451,0.01939364,0,0,0,
1082,10.82,0.017163,0.000711,0.02559345,0,0,0,
1083,10.83,0.018845,0.000809,0.02218840,0,0,0,
1084,10.84,0.015684,0.000782,0.01986333,0,0,0,
1085,10.85,0.013330,0.000446,0.02059122,0,0,0,
1086,10.86,0.014590,0.000503,0.02230054,0,0,0,
1087,10.87,0.020764,0.000608,0.01956714,0,0,0,
1088,10.88,0.018123,0.000620,0.01971554,0,0,0,
1089,10.89,0.023109,0.001187,0.02301603,0,0,0,
1090,10.90,0.021109,0.000998,0.02582606,0,0,0,
1091,10.91,0.016431,0.000784,0.01998395,0,0,0,
1092,10.92,0.018870,0.001041,0.01906898,0,0,0,
1093,10.93,0.025107,0.001117,0.02350473,0,0,0,
1094,10.94,0.025379,0.001057,0.02273516,0,0,0,
1095,10.95,0.026745,0.001254,0.02329943,0,0,0,
1096,10.96,0.023504,0.000875,0.02006320,0,0,0,
1097,10.97,0.025527,0.000956,0.02057842,0,0,0,
1098,10.98,0.028452,0.000771,0.02135107,0,0,0,
1099,10.99,0.018471,0.000821,0.02410774,0,0,0,
1100,11.00,0.012954,0.000246,0.02199510,0,0,0,
1101,11.01,0.016135,0.000429,0.01764857,0,0,0,
1102,11.02,0.018650,0.000463,0.02130950,0,0,0,
1103,11.03,0.014496,0.000449,0.02046809,0,0,0,
1104,11.04,0.014967,0.000844,0.02060770,0,0,0,
1105,11.05,0.006454,0.000195,0.01891615,0,0,0,
1106,11.06,0.011887,0.000403,0.02071675,0,0,0,
1107,11.07,0.014351,0.000388,0.01823655,0,0,0,
1108,11.08,0.017375,0.000493,0.02460416,0,0,0,
1109,11.09,0.015672,0.000262,0.02145946,0,0,0,
1110,11.10,0.011842,0.000311,0.02026931,0,0,0,
1111,11.11,0.014813,0.000415,0.02159261,0,0,0,
1112,11.12,0.019028,0.000511,0.02741333,0,0,0,
1113,11.13,0.023206,0.001023,0.02767153,0,0,0,
1114,11.14,0.020781,0.001067,0.02554366,0,0,0,
1115,11.15,0.016655,0.000725,0.02327166,0,0,0,
1116,11.16,0.016983,0.000576,0.02100665,0,0,0,
1117,11.17,0.010672,0.000352,0.02122717,0,0,0,
1118,11.18,0.013061,0.000518,0.02084268,0,0,0,
1119,11.19,0.013225,0.001090,0.02205263,0,0,0,
1120,11.20,0.020211,0.001892,0.02224821,0,0,0,
1121,11.21,0.015001,0.000804,0.03076807,0,0,0,
1122,11.22,0.012784,0.000505,0.03153262,0,0,0,
1123,11.23,0.014210,0.000513,0.02526660,0,0,0,
1124,11.24,0.010571,0.000301,0.01963904,0,0,0,
1125,11.25,0.009829,0.000355,0.02166317,0,0,0,
1126,11.26,0.012214,0.000340,0.01837578,0,0,0,
1127,11.27,0.010754,0.000452,0.01734807,0,0,0,
1128,11.28,0.012989,0.000691,0.01875814,0,0,0,
1129,11.29,0.012241,0.000567,0.02035270,0,0,0,
1130,11.30,0.014568,0.000595,0.02026134,0,0,0,
1131,11.31,0.017790,0.000745,0.02210920,0,0,0,
1132,11.32,0.017260,0.000495,0.01816308,0,0,0,
1133,11.33,0.015030,0.000403,0.01780777,0,0,0,
1134,11.34,0.016084,0.000281,0.01725265,0,0,0,
1135,11.35,0.015896,0.000230,0.01903700,0,0,0,
1136,11.36,0.018614,0.000451,0.02701708,0,0,0,
1137,11.37,0.013904,0.000515,0.01890904,0,0,0,
1138,11.38,0.016301,0.000642,0.02200251,0,0,0,
1139,11.39,0.015081,0.000448,0.02119339,0,0,0,
1140,11.40,0.015613,0.000498,0.02447587,0,0,0,
1141,11.41,0.009066,0.000212,0.01845383,0,0,0,
1142,11.42,0.014705,0.000907,0.02607292,0,0,0,
1143,11.43,0.019216,0.000945,0.01931829,0,0,0,
1144,11.44,0.020766,0.001116,0.02344027,0,0,0,
1145,11.45,0.017454,0.000549,0.02130359,0,0,0,
1146,11.46,0.014460,0.000281,0.02013580,0,0,0,
1147,11.47,0.015265,0.000370,0.02082836,0,0,0,
1148,11.48,0.017075,0.000464,0.01974252,0,0,0,
1149,11.49,0.060287,0.008826,0.02195532,0,0,0,
1150,11.50,1.255108,1.910189,0.06553682,1,1,1,transition_segment
1151,11.51,1.676013,2.445753,0.05168521,1,0,0,
1152,11.52,0.012510,0.001252,0.02421110,0,0,0,
1153,11.53,0.183580,0.275659,0.07132685,1,0,0,
1154,11.54,1.491546,2.827915,0.06600794,1,0,0,
1155,11.55,1.445347,2.709946,0.06500082,1,0,0,
1156,11.56,0.646426,1.525350,0.05219954,1,1,1,transition_segment
1157,11.57,0.177419,0.208427,0.06421782,1,0,0,
1158,11.58,0.055165,0.032596,0.17754080,0,0,0,
1159,11.59,0.337109,1.015346,0.04984594,0,0,0,
1160,11.60,1.329812,2.553123,0.04546072,0,0,0,
1161,11.61,1.285462,3.853736,0.05503843,1,0,0,
1162,11.62,1.261695,3.617956,0.06035486,1,0,0,
1163,11.63,1.009217,3.137237,0.07469252,1,0,0,
1164,11.64,0.982194,4.698271,0.08010079,1,0,0,
1165,11.65,1.172893,3.527034,0.05984165,1,0,0,
1166,11.66,1.099604,3.320087,0.04171557,0,0,0,
1167,11.67,0.865432,4.005451,0.07452491,1,0,0,
1168,11.68,0.603471,2.825527,0.05139445,1,0,0,
1169,11.69,0.404167,1.419568,0.07755758,1,1,1,transition_segment
1170,11.70,0.457853,1.560889,0.08031131,1,1,1,transition_segment
1171,11.71,0.622423,1.243234,0.07811001,1,1,1,transition_segment
1172,11.72,0.922625,1.693532,0.05667212,1,1,0,transition_segment
1173,11.73,0.015120,0.000650,0.03415606,0,0,0,
1174,11.74,0.014510,0.000569,0.02134921,0,0,0,
1175,11.75,0.015537,0.000505,0.02019678,0,0,0,
1176,11.76,0.018476,0.000935,0.02139976,0,0,0,
1177,11.77,0.021473,0.001161,0.02736569,0,0,0,
1178,11.78,0.019404,0.001154,0.03079404,0,0,0,
1179,11.79,0.015636,0.001064,0.02400455,0,0,0,
1180,11.80,0.013977,0.000675,0.02140600,0,0,0,
1181,11.81,0.021629,0.001230,0.02719261,0,0,0,
1182,11.82,0.023763,0.001700,0.04347951,0,0,0,
1183,11.83,0.016464,0.001084,0.03051780,0,0,0,
1184,11.84,0.013324,0.001236,0.02490744,0,0,0,
1185,11.85,0.019195,0.002828,0.02680974,0,0,0,
1186,11.86,0.015081,0.001192,0.02369179,0,0,0,
1187,11.87,0.012165,0.000500,0.02147551,0,0,0,
1188,11.88,0.010407,0.000415,0.02323602,0,0,0,
1189,11.89,0.011334,0.000411,0.03002944,0,0,0,
1190,11.90,0.015709,0.000731,0.02298426,0,0,0,
1191,11.91,0.017018,0.000861,0.01926089,0,0,0,
1192,11.92,0.021046,0.001439,0.02234477,0,0,0,
1193,11.93,0.021476,0.001043,0.02264201,0,0,0,
1194,11.94,0.017458,0.000739,0.01906158,0,0,0,
1195,11.95,0.018606,0.000491,0.02230063,0,0,0,
1196,11.96,0.025129,0.000917,0.02287118,0,0,0,
1197,11.97,0.027573,0.001419,0.02761409,0,0,0,
1198,11.98,0.030575,0.001859,0.02384475,0,0,0,
1199,11.99,0.018052,0.000601,0.02393413,0,0,0,
1200,12.00,0.016538,0.000593,0.01748892,0,0,0,
1201,12.01,0.016166,0.000411,0.01747864,0,0,0,
1202,12.02,0.019228,0.000371,0.02324017,0,0,0,
1203,12.03,0.015643,0.000268,0.02128479,0,0,0,
1204,12.04,0.016906,0.000374,0.02286368,0,0,0,
1205,12.05,0.026417,0.001549,0.02584651,0,0,0,
1206,12.06,0.022312,0.000641,0.02814296,0,0,0,
1207,12.07,0.018290,0.000529,0.02454595,0,0,0,
1208,12.08,0.033964,0.003002,0.02849558,0,0,0,
1209,12.09,0.043104,0.005676,0.03459221,0,0,0,
1210,12.10,0.026840,0.001545,0.02325724,0,0,0,
1211,12.11,0.019094,0.001475,0.02255242,0,0,0,
1212,12.12,0.017843,0.001096,0.03134097,0,0,0,
1213,12.13,0.020190,0.001090,0.02147865,0,0,0,
1214,12.14,0.026139,0.001607,0.02300751,0,0,0,
1215,12.15,0.019133,0.000957,0.02104169,0,0,0,
1216,12.16,0.015131,0.000806,0.01846688,0,0,0,
1217,12.17,0.034052,0.004814,0.03066081,0,0,0,
1218,12.18,0.030908,0.003657,0.02117190,0,0,0,
1219,12.19,0.035320,0.003938,0.02702196,0,0,0,
1220,12.20,0.030425,0.002197,0.03449326,0,0,0,
1221,12.21,0.034873,0.001918,0.03390683,0,0,0,
1222,12.22,0.032135,0.001668,0.02309534,0,0,0,
1223,12.23,0.035742,0.004227,0.02532392,0,0,0,
1224,12.24,0.964854,1.646012,0.05783739,1,1,0,transition_segment
1225,12.25,0.327663,0.404114,0.04500934,0,0,0,
1226,12.26,0.112605,0.057983,0.04038038,0,0,0,
1227,12.27,0.161017,0.127271,0.02939301,0,0,0,
1228,12.28,0.655423,1.423331,0.05619278,1,1,0,transition_segment
1229,12.29,0.974161,1.974541,0.06100885,1,1,1,transition_segment
1230,12.30,1.204671,2.118828,0.09139184,1,0,0,
1231,12.31,0.050242,0.006164,0.03719224,0,0,0,
1232,12.32,1.194994,1.967390,0.08788375,1,1,0,transition_segment
1233,12.33,0.302214,0.244601,0.06087918,1,0,0,
1234,12.34,0.928839,1.528624,0.04330942,0,0,0,
1235,12.35,0.311483,0.344697,0.05223761,1,0,0,
1236,12.36,0.440521,0.708715,0.04137478,0,0,0,
1237,12.37,0.458570,0.829628,0.05990463,1,0,0,
1238,12.38,0.353628,0.633220,0.03593552,0,0,0,
1239,12.39,0.139748,0.061451,0.04770424,0,0,0,
1240,12.40,0.776730,2.461667,0.05442270,1,0,0,
1241,12.41,1.425373,4.010818,0.07989376,1,0,0,
1242,12.42,1.511406,4.270763,0.06204812,1,0,0,
1243,12.43,1.564826,4.365721,0.06662569,1,0,0,
1244,12.44,1.471011,5.075931,0.05044639,1,0,0,
1245,12.45,1.108808,4.522745,0.05119840,1,0,0,
1246,12.46,1.083915,5.052691,0.07517922,1,0,0,
1247,12.47,1.185652,5.040876,0.05254455,1,0,0,
1248,12.48,0.914168,4.729721,0.05805616,1,0,0,
1249,12.49,1.241807,5.595047,0.05712777,1,0,0,
1250,12.50,1.208813,5.537230,0.06553782,1,0,0,
1251,12.51,1.200144,5.513881,0.04361618,0,0,0,
1252,12.52,1.247758,5.497148,0.04083063,0,0,0,
1253,12.53,1.143648,5.210409,0.04479560,0,0,0,
1254,12.54,0.932560,3.889885,0.05275797,1,0,0,
1255,12.55,0.853111,4.560316,0.06544255,1,0,0,
1256,12.56,0.936885,3.898792,0.06086960,1,0,0,
1257,12.57,0.753376,2.554050,0.06216964,1,0,0,
1258,12.58,0.931750,4.049479,0.05014570,1,0,0,
1259,12.59,0.953140,3.782120,0.07383440,1,0,0,
1260,12.60,0.717560,2.360557,0.04431909,0,0,0,
1261,12.61,0.681921,1.479090,0.04930446,0,0,0,
1262,12.62,0.906673,2.325644,0.06977896,1,0,0,
1263,12.63,1.042908,2.437190,0.06044263,1,0,0,
1264,12.64,0.304242,0.538122,0.06504517,1,0,0,
1265,12.65,0.153786,0.190849,0.05946895,1,0,0,
1266,12.66,0.890441,1.804267,0.07861847,1,1,0,transition_segment
1267,12.67,0.023705,0.003132,0.08154293,1,0,0,
1268,12.68,1.397245,2.330141,0.08696989,1,0,0,
1269,12.69,1.416468,3.927575,0.05775592,1,0,0,
1270,12.70,1.185748,4.010950,0.05530611,1,0,0,
1271,12.71,1.491160,4.321939,0.05924991,1,0,0,
1272,12.72,1.373274,4.350303,0.05193960,1,0,0,
1273,12.73,1.209955,4.326788,0.04634698,0,0,0,
1274,12.74,1.091797,4.704940,0.06348959,1,0,0,
1275,12.75,1.088943,5.121819,0.08249345,1,0,0,
1276,12.76,1.134284,5.103565,0.05529516,1,0,0,
1277,12.77,0.990868,4.471432,0.05793437,1,0,0,
1278,12.78,0.864260,4.669624,0.06609862,1,0,0,
1279,12.79,0.843376,4.839564,0.04436757,0,0,0,
1280,12.80,0.818607,4.587148,0.05651826,1,0,0,
1281,12.81,1.046748,4.774008,0.05019245,1,0,0,
1282,12.82,0.958058,4.801733,0.05619361,1,0,0,
1283,12.83,0.983431,4.558476,0.05373057,1,0,0,
1284,12.84,1.225111,5.092693,0.04906800,0,0,0,
1285,12.85,1.081474,5.074755,0.05829941,1,0,0,
1286,12.86,1.368090,5.613235,0.03854752,0,0,0,
1287,12.87,1.227689,5.443310,0.05985602,1,0,0,
1288,12.88,1.154286,4.488676,0.07453030,1,0,0,
1289,12.89,1.359078,5.318266,0.04909933,0,0,0,
1290,12.90,0.997733,4.784151,0.07740971,1,0,0,
1291,12.91,1.208508,5.218095,0.06455518,1,0,0,
1292,12.92,0.860233,4.819254,0.04585279,0,0,0,
1293,12.93,0.881471,5.066777,0.06377534,1,0,0,
1294,12.94,1.087689,5.053741,0.06753098,1,0,0,
1295,12.95,0.931818,4.728124,0.06602431,1,0,0,
1296,12.96,1.040427,3.876705,0.04366880,0,0,0,
1297,12.97,0.936681,3.917440,0.04911173,0,0,0,
1298,12.98,1.352082,5.305525,0.05995064,1,0,0,
1299,12.99,1.108555,3.931106,0.05307459,1,0,0,
1300,13.00,1.249978,3.588657,0.05188130,1,0,0,
1301,13.01,1.035614,3.376066,0.05645207,1,0,0,
1302,13.02,1.412554,3.416718,0.04266018,0,0,0,
1303,13.03,1.283286,3.102943,0.03915325,0,0,0,
1304,13.04,1.213960,3.148126,0.05775619,1,0,0,
1305,13.05,1.178529,2.922516,0.06259115,1,0,0,
1306,13.06,1.149522,2.755848,0.04272480,0,0,0,
1307,13.07,1.036264,4.191626,0.02931692,0,0,0,
1308,13.08,1.125845,4.487946,0.04635391,0,0,0,
1309,13.09,1.013591,4.330862,0.03135454,0,0,0,
1310,13.10,0.946499,4.181363,0.04721830,0,0,0,
1311,13.11,1.024708,4.842606,0.04597895,0,0,0,
1312,13.12,1.044148,4.790206,0.03869997,0,0,0,
1313,13.13,0.986291,4.126099,0.04347170,0,0,0,
1314,13.14,1.390158,5.399894,0.06212418,1,0,0,
1315,13.15,1.231115,4.848178,0.03549373,0,0,0,
1316,13.16,1.471834,5.743222,0.03463205,0,0,0,
1317,13.17,1.386418,5.907066,0.04122748,0,0,0,
1318,13.18,1.295725,5.948977,0.04658579,0,0,0,
1319,13.19,1.188712,5.845179,0.05741904,1,0,0,
1320,13.20,1.301670,6.015029,0.04710718,0,0,0,
1321,13.21,1.206074,5.822107,0.04471615,0,0,0,
1322,13.22,1.172465,6.018309,0.05688295,1,1,0,separated_segment
1323,13.23,1.209325,5.898572,0.04691451,0,0,0,
1324,13.24,1.451750,6.140839,0.07000427,1,1,0,separated_segment
1325,13.25,1.234300,5.860659,0.05919036,1,0,0,
1326,13.26,1.260385,5.934088,0.04235475,0,0,0,
1327,13.27,1.147754,5.593527,0.04287553,0,0,0,
1328,13.28,1.155776,5.481920,0.04239117,0,0,0,
1329,13.29,1.388859,5.624039,0.03910447,0,0,0,
1330,13.30,1.174988,5.385025,0.04546491,0,0,0,
1331,13.31,1.141690,5.240031,0.03526390,0,0,0,
1332,13.32,1.269251,5.511392,0.03558512,0,0,0,
1333,13.33,1.253619,5.444552,0.03971758,0,0,0,
1334,13.34,1.422614,5.581424,0.04723774,0,0,0,
1335,13.35,1.293844,5.325949,0.04776190,0,0,0,
1336,13.36,1.315584,5.340838,0.04997809,0,0,0,
1337,13.37,1.220357,5.080625,0.04604631,0,0,0,
1338,13.38,1.198906,5.014296,0.04673138,0,0,0,
1339,13.39,1.319008,5.327787,0.03754539,0,0,0,
1340,13.40,1.332017,5.474734,0.04517092,0,0,0,
1341,13.41,1.353663,5.548298,0.04456888,0,0,0,
1342,13.42,1.290435,5.653900,0.04249360,0,0,0,
1343,13.43,1.319094,5.783448,0.04892237,0,0,0,
1344,13.44,1.436483,5.790890,0.04342599,0,0,0,
1345,13.45,1.353262,5.704288,0.04483582,0,0,0,
1346,13.46,1.325183,5.603149,0.04157131,0,0,0,
1347,13.47,1.427625,5.613087,0.06674817,1,0,0,
1348,13.48,1.287655,5.308999,0.04527525,0,0,0,
1349,13.49,0.963655,5.205685,0.04590210,0,0,0,
1350,13.50,1.347530,5.484477,0.06880286,1,0,0,
1351,13.51,1.132969,4.801901,0.05805318,1,0,0,
1352,13.52,1.014291,5.230185,0.06360334,1,0,0,
1353,13.53,1.219775,5.248567,0.04103844,0,0,0,
1354,13.54,1.002544,4.678803,0.04154086,0,0,0,
1355,13.55,1.148265,5.188271,0.06118090,1,0,0,
1356,13.56,0.924968,4.380451,0.04955858,0,0,0,
1357,13.57,0.905220,4.595071,0.05349294,1,0,0,
1358,13.58,1.185810,5.411667,0.05069185,1,0,0,
1359,13.59,1.177268,5.228472,0.03581200,0,0,0,
1360,13.60,1.411288,5.787655,0.05260041,1,0,0,
1361,13.61,1.350226,5.763214,0.07775255,1,0,0,
1362,13.62,1.428841,5.869816,0.06695429,1,0,0,
1363,13.63,1.412544,5.839799,0.06180250,1,0,0,
1364,13.64,1.480555,5.907177,0.03742218,0,0,0,
1365,13.65,1.207401,5.431880,0.04807765,0,0,0,
1366,13.66,1.451316,5.842372,0.05221958,1,0,0,
1367,13.67,1.176859,5.350630,0.04242883,0,0,0,
1368,13.68,1.202922,5.265520,0.03913719,0,0,0,
1369,13.69,1.204325,5.344097,0.04470518,0,0,0,
1370,13.70,1.341727,5.696948,0.03548412,0,0,0,
1371,13.71,1.405403,5.786159,0.03087972,0,0,0,
1372,13.72,1.374073,5.778242,0.03618537,0,0,0,
1373,13.73,1.440830,5.775659,0.04308416,0,0,0,
1374,13.74,1.274589,5.572140,0.03523220,0,0,0,
1375,13.75,1.445349,5.816406,0.04224228,0,0,0,
1376,13.76,1.401160,5.782992,0.03697385,0,0,0,
1377,13.77,1.478863,5.776284,0.03588817,0,0,0,
1378,13.78,1.485984,5.744859,0.03811115,0,0,0,
1379,13.79,1.484696,5.717098,0.04708655,0,0,0,
1380,13.80,1.498938,5.669549,0.04593232,0,0,0,
1381,13.81,1.512008,5.547137,0.04590490,0,0,0,
1382,13.82,1.472366,5.422833,0.03984428,0,0,0,
1383,13.83,1.411202,5.245434,0.04957374,0,0,0,
1384,13.84,1.357860,5.089618,0.03712076,0,0,0,
1385,13.85,1.378358,5.148233,0.03847006,0,0,0,
1386,13.86,1.390032,5.134235,0.07152640,1,0,0,
1387,13.87,1.354473,5.050641,0.05636180,1,0,0,
1388,13.88,1.512413,5.279286,0.04571408,0,0,0,
1389,13.89,1.478767,5.274934,0.04952254,0,0,0,
1390,13.90,1.559497,5.336915,0.05579050,1,0,0,
1391,13.91,1.409155,5.161214,0.04672063,0,0,0,
1392,13.92,1.404769,5.219613,0.04894824,0,0,0,
1393,13.93,1.527858,5.493179,0.06242657,1,0,0,
1394,13.94,1.647579,5.616182,0.05572354,1,0,0,
1395,13.95,1.323118,5.807851,0.06012807,1,0,0,
1396,13.96,1.326653,6.859712,0.05245984,1,1,0,separated_segment
1397,13.97,1.384251,5.931671,0.05074469,1,0,0,
1398,13.98,1.379211,7.378659,0.05602799,1,1,0,separated_segment
1399,13.99,1.407387,7.588436,0.07545070,1,1,1,separated_segment
1400,14.00,1.322957,7.522692,0.08130656,1,1,0,separated_segment
1401,14.01,1.383765,7.475804,0.06909527,1,1,0,separated_segment
1402,14.02,1.446367,7.439304,0.05953662,1,1,0,separated_segment
1403,14.03,1.444706,7.248825,0.05683393,1,1,0,separated_segment
1404,14.04,1.503266,7.137442,0.06648487,1,1,1,separated_segment
1405,14.05,1.365525,6.790641,0.04298690,0,0,0,
1406,14.06,1.297955,6.555988,0.05584767,1,1,0,separated_segment
1407,14.07,1.285763,6.636536,0.03922399,0,0,0,
1408,14.08,1.361615,6.907418,0.04276609,0,0,0,
1409,14.09,1.188875,5.735254,0.04506844,0,0,0,
1410,14.10,1.252988,6.345384,0.06173332,1,1,0,separated_segment
1411,14.11,1.266833,6.183262,0.04244868,0,0,0,
1412,14.12,1.297127,6.450814,0.03951413,0,0,0,
1413,14.13,1.490842,6.884076,0.04169407,0,0,0,
1414,14.14,1.425149,6.809977,0.06646823,1,1,0,separated_segment
1415,14.15,1.276968,6.355969,0.05526717,1,1,0,separated_segment
1416,14.16,1.429567,7.054359,0.04393020,0,0,0,
1417,14.17,1.299495,7.007264,0.04644848,0,0,0,
1418,14.18,1.308317,7.161364,0.05030240,1,1,0,separated_segment
1419,14.19,1.244338,7.190732,0.04200132,0,0,0,
1420,14.20,1.304866,7.259251,0.04183718,0,0,0,
1421,14.21,1.263499,7.120969,0.03993604,0,0,0,
1422,14.22,1.293058,7.153492,0.03735114,0,0,0,
1423,14.23,1.369535,7.227380,0.03581461,0,0,0,
1424,14.24,1.455860,7.242722,0.03771504,0,0,0,
1425,14.25,1.337397,6.956140,0.04205845,0,0,0,
1426,14.26,1.502462,7.149037,0.03665082,0,0,0,
1427,14.27,1.505901,7.193910,0.03271026,0,0,0,
1428,14.28,1.374553,7.095247,0.04201476,0,0,0,
1429,14.29,1.434775,7.215729,0.05247688,1,1,0,separated_segment
1430,14.30,1.376171,7.176760,0.03739718,0,0,0,
1431,14.31,1.224250,6.955921,0.03461160,0,0,0,
1432,14.32,1.198078,6.719538,0.05948232,1,1,0,separated_segment
1433,14.33,1.249951,6.578199,0.04499147,0,0,0,
1434,14.34,1.312904,6.694802,0.03774018,0,0,0,
1435,14.35,1.238226,6.203409,0.03804772,0,0,0,
1436,14.36,1.190769,6.177726,0.04999076,0,0,0,
1437,14.37,1.400399,6.198087,0.04328092,0,0,0,
1438,14.38,1.111785,6.039719,0.05288841,1,1,0,separated_segment
1439,14.39,1.070687,6.134253,0.05335815,1,1,0,separated_segment
1440,14.40,1.089244,6.049431,0.04019266,0,0,0,
1441,14.41,1.259713,6.131457,0.04689536,0,0,0,
1442,14.42,1.337994,6.139730,0.04442351,0,0,0,
1443,14.43,1.340312,6.065451,0.03792213,0,0,0,
1444,14.44,1.522602,6.187478,0.04420749,0,0,0,
1445,14.45,1.505501,6.222477,0.04229736,0,0,0,
1446,14.46,1.349257,6.232468,0.05734335,1,1,0,separated_segment
1447,14.47,1.215434,6.265162,0.05390461,1,1,1,separated_segment
1448,14.48,1.431022,6.468357,0.05100160,1,1,0,separated_segment
1449,14.49,1.391783,6.441692,0.06381445,1,1,1,separated_segment
1450,14.50,1.381396,6.538875,0.04513477,0,0,0,
1451,14.51,1.485318,6.664223,0.05309814,1,1,0,separated_segment
1452,14.52,1.483392,6.684691,0.05894332,1,1,0,separated_segment
1453,14.53,1.414107,6.634974,0.05159983,1,1,0,separated_segment
1454,14.54,1.445470,6.690211,0.04648945,0,0,0,
1455,14.55,1.376215,6.639253,0.05100058,1,1,0,separated_segment
1456,14.56,1.118206,6.201171,0.06216428,1,1,0,separated_segment
1457,14.57,1.107768,5.937424,0.05235482,1,0,0,
1458,14.58,1.032389,5.524006,0.05252699,1,0,0,
1459,14.59,1.125287,6.175390,0.04463260,0,0,0,
1460,14.60,1.251085,5.488841,0.06670863,1,0,0,
1461,14.61,1.082667,5.429413,0.04473603,0,0,0,
1462,14.62,1.250244,6.597473,0.05500835,1,1,0,separated_segment
1463,14.63,0.959973,5.315363,0.04978668,0,0,0,
1464,14.64,1.029030,6.621356,0.05801746,1,1,0,separated_segment
1465,14.65,0.994842,6.601485,0.04443764,0,0,0,
1466,14.66,0.998076,6.378126,0.06471751,1,0,0,
1467,14.67,0.986206,6.370986,0.04808477,0,0,0,
1468,14.68,1.005526,6.772462,0.06803741,1,1,1,separated_segment
1469,14.69,0.830710,5.874663,0.04832551,0,0,0,
1470,14.70,0.972641,5.599409,0.03911410,0,0,0,
1471,14.71,0.934901,5.508004,0.03585805,0,0,0,
1472,14.72,1.402359,5.772132,0.03373982,0,0,0,
1473,14.73,1.377929,5.802655,0.04564463,0,0,0,
1474,14.74,1.430187,5.854817,0.05352699,1,0,0,
1475,14.75,1.379067,5.901639,0.04844520,0,0,0,
1476,14.76,1.164026,5.822757,0.05539782,1,0,0,
1477,14.77,1.000203,5.825208,0.05935877,1,0,0,
1478,14.78,1.350668,5.886773,0.04850155,0,0,0,
1479,14.79,1.283132,5.786731,0.06664011,1,0,0,
1480,14.80,1.546655,7.004042,0.10983660,0,0,0,
1481,14.81,1.196759,5.903534,0.15043990,0,0,0,
1482,14.82,0.960124,6.120989,0.11475150,0,0,0,
1483,14.83,0.930807,5.940573,0.08172839,1,0,0,
1484,14.84,0.948086,5.687031,0.06325814,1,0,0,
1485,14.85,0.996714,6.005197,0.05781874,1,0,0,
1486,14.86,1.501465,6.650538,0.04353736,0,0,0,
1487,14.87,1.633961,6.646467,0.04868468,0,0,0,
1488,14.88,1.457583,6.354573,0.08698769,1,1,0,separated_segment
1489,14.89,1.456627,6.405946,0.05608007,1,1,0,separated_segment
1490,14.90,1.364786,6.323477,0.04917794,0,0,0,
1491,14.91,1.202911,5.749798,0.05151174,1,0,0,
1492,14.92,1.162600,5.889456,0.04992972,0,0,0,
1493,14.93,1.437954,6.463011,0.05403989,1,1,0,separated_segment
1494,14.94,1.457905,6.528507,0.05536002,1,1,0,separated_segment
1495,14.95,1.294827,6.244071,0.06058026,1,1,0,separated_segment
1496,14.96,1.482240,6.578213,0.03569703,0,0,0,
1497,14.97,1.261960,6.323571,0.04104239,0,0,0,
1498,14.98,1.168119,6.233829,0.05330249,1,1,0,separated_segment
1499,14.99,0.984152,5.607676,0.04891647,0,0,0,
1500,15.00,1.063959,6.138078,0.05556282,1,1,0,separated_segment
1501,15.01,0.999763,5.487070,0.08824221,1,0,0,
1502,15.02,1.008617,5.348423,0.05275618,1,0,0,
1503,15.03,1.241162,6.324777,0.06011403,1,1,0,separated_segment
1504,15.04,1.314325,5.357099,0.04631649,0,0,0,
1505,15.05,1.215238,5.254208,0.05009676,1,0,0,
1506,15.06,1.401477,5.457725,0.04638478,0,0,0,
1507,15.07,1.402175,5.509164,0.05224654,1,0,0,
1508,15.08,1.329542,5.541690,0.04744189,0,0,0,
1509,15.09,1.155641,5.460585,0.04850255,0,0,0,
1510,15.10,1.296157,5.638034,0.05623571,1,0,0,
1511,15.11,1.419240,5.685923,0.04974820,0,0,0,
1512,15.12,1.396114,5.644585,0.05808954,1,0,0,
1513,15.13,1.534429,5.766042,0.04496181,0,0,0,
1514,15.14,1.530299,5.815668,0.06322030,1,0,0,
1515,15.15,1.580313,5.946369,0.06250231,1,0,0,
1516,15.16,1.481736,6.039551,0.05458905,1,1,0,separated_segment
1517,15.17,1.459722,6.162699,0.06148018,1,1,0,separated_segment
1518,15.18,1.449863,6.318874,0.05663190,1,1,0,separated_segment
1519,15.19,1.545347,6.513821,0.04362669,0,0,0,
1520,15.20,1.511367,6.611702,0.03642734,0,0,0,
1521,15.21,1.504541,6.690326,0.05454053,1,1,0,separated_segment
1522,15.22,1.439080,6.688443,0.03398275,0,0,0,
1523,15.23,1.400239,6.680890,0.04053381,0,0,0,
1524,15.24,1.237935,6.617833,0.04575540,0,0,0,
1525,15.25,1.081290,6.414948,0.04019960,0,0,0,
1526,15.26,0.932403,5.932609,0.06641569,1,0,0,
1527,15.27,1.120183,6.378590,0.05074058,1,1,0,separated_segment
1528,15.28,1.267710,6.514352,0.05565969,1,1,0,separated_segment
1529,15.29,1.316787,6.448008,0.04629657,0,0,0,
1530,15.30,1.170997,6.138263,0.04733931,0,0,0,
1531,15.31,1.062441,5.722841,0.04126899,0,0,0,
1532,15.32,0.880061,5.589328,0.03996669,0,0,0,
1533,15.33,0.873617,6.224549,0.05168578,1,0,0,
1534,15.34,1.116188,6.074636,0.07048640,1,1,0,separated_segment
1535,15.35,0.869510,5.981513,0.05106723,1,0,0,
1536,15.36,1.016228,6.143509,0.03497010,0,0,0,
1537,15.37,1.036953,6.171118,0.05622824,1,1,0,separated_segment
1538,15.38,0.890208,5.590060,0.06132638,1,0,0,
1539,15.39,0.824402,5.573358,0.04511210,0,0,0,
1540,15.40,1.010778,6.243495,0.04289607,0,0,0,
1541,15.41,1.095375,5.834037,0.07217832,1,0,0,
1542,15.42,1.050464,6.001246,0.05636493,1,1,1,separated_segment
1543,15.43,1.215826,6.058958,0.06464916,1,1,0,separated_segment
1544,15.44,1.134407,6.155302,0.04250383,0,0,0,
1545,15.45,1.195790,6.808862,0.06550703,1,1,0,separated_segment
1546,15.46,1.200330,6.769741,0.05798595,1,1,0,separated_segment
1547,15.47,1.522650,7.318254,0.03564055,0,0,0,
1548,15.48,1.296207,6.991417,0.03854371,0,0,0,
1549,15.49,1.430205,7.200005,0.04404144,0,0,0,
1550,15.50,1.347227,7.180592,0.04567363,0,0,0,
1551,15.51,1.430692,7.319581,0.05642441,1,1,0,separated_segment
1552,15.52,1.283156,7.126972,0.05659299,1,1,0,separated_segment
1553,15.53,1.379329,7.337623,0.04265316,0,0,0,
1554,15.54,1.228000,6.939220,0.04970789,0,0,0,
1555,15.55,1.253638,7.096041,0.05564360,1,1,0,separated_segment
1556,15.56,1.273779,7.150097,0.04608052,0,0,0,
1557,15.57,1.253024,6.189429,0.03815915,0,0,0,
1558,15.58,1.239473,6.918968,0.06293133,1,1,0,separated_segment
1559,15.59,1.116429,6.515617,0.05078321,1,1,0,separated_segment
1560,15.60,1.546614,6.993833,0.03748302,0,0,0,
1561,15.61,1.479623,6.857097,0.04637702,0,0,0,
1562,15.62,1.189190,6.497397,0.03547778,0,0,0,
1563,15.63,1.268538,6.492095,0.04488712,0,0,0,
1564,15.64,1.113021,5.946466,0.03822708,0,0,0,
1565,15.65,1.052580,6.350377,0.03854377,0,0,0,
1566,15.66,1.261520,6.679446,0.06742741,1,1,0,separated_segment
1567,15.67,1.305790,6.758770,0.04243324,0,0,0,
1568,15.68,1.321171,6.733984,0.05928759,1,1,0,separated_segment
1569,15.69,1.494060,6.872722,0.04620770,0,0,0,
1570,15.70,1.465223,6.802149,0.05091413,1,1,0,separated_segment
1571,15.71,1.611817,6.944409,0.04174256,0,0,0,
1572,15.72,1.457252,6.792880,0.03916256,0,0,0,
1573,15.73,1.464326,6.779042,0.04279378,0,0,0,
1574,15.74,1.449457,6.701244,0.06120245,1,1,0,separated_segment
1575,15.75,1.400446,6.591975,0.05629360,1,1,0,separated_segment
1576,15.76,1.251504,6.467313,0.05776810,1,1,0,separated_segment
1577,15.77,1.376282,6.507299,0.04923582,0,0,0,
1578,15.78,1.396529,6.329474,0.03609007,0,0,0,
1579,15.79,1.362658,6.190870,0.03417553,0,0,0,
1580,15.80,1.231050,5.503181,0.04753575,0,0,0,
1581,15.81,1.178296,5.381126,0.03492859,0,0,0,
1582,15.82,1.173642,5.238630,0.04598522,0,0,0,
1583,15.83,1.335502,5.418983,0.04713714,0,0,0,
1584,15.84,1.517846,5.645506,0.02822911,0,0,0,
1585,15.85,1.361290,5.446044,0.05431201,1,0,0,
1586,15.86,1.353216,5.357364,0.05318466,1,0,0,
1587,15.87,1.572481,5.879177,0.02762031,0,0,0,
1588,15.88,1.298745,4.399747,0.06314013,1,0,0,
1589,15.89,1.393784,4.402304,0.04656915,0,0,0,
1590,15.90,1.371254,5.643518,0.05751160,1,0,0,
1591,15.91,1.256120,4.898028,0.03760552,0,0,0,
1592,15.92,1.533810,4.522424,0.04982065,0,0,0,
1593,15.93,1.263671,4.606914,0.05226480,1,0,0,
1594,15.94,1.266237,4.670634,0.05985107,1,0,0,
1595,15.95,1.299651,5.373028,0.06221203,1,0,0,
1596,15.96,1.296360,5.296408,0.05442394,1,0,0,
1597,15.97,1.281695,4.709152,0.03324963,0,0,0,
1598,15.98,1.548913,6.037550,0.03187140,0,0,0,
1599,15.99,1.402439,5.622765,0.03189706,0,0,0,
1600,16.00,1.529354,5.976734,0.03761980,0,0,0,
1601,16.01,1.564864,5.915898,0.04051676,0,0,0,
1602,16.02,1.414441,5.408408,0.06103635,1,0,0,
1603,16.03,1.524969,5.809240,0.03861993,0,0,0,
1604,16.04,1.377436,5.592516,0.03750169,0,0,0,
1605,16.05,1.274160,5.117674,0.04350815,0,0,0,
1606,16.06,1.269457,4.817510,0.03734551,0,0,0,
1607,16.07,1.443655,5.723174,0.07190316,1,0,0,
1608,16.08,1.424942,5.622091,0.05799489,1,0,0,
1609,16.09,1.495658,5.919263,0.04572883,0,0,0,
1610,16.10,1.433961,5.895354,0.04807333,0,0,0,
1611,16.11,1.400183,5.831593,0.06250736,1,0,0,
1612,16.12,1.411974,5.813341,0.05547927,1,0,0,
1613,16.13,1.484111,5.896773,0.04553663,0,0,0,
1614,16.14,1.277705,5.178206,0.02951993,0,0,0,
1615,16.15,1.319234,5.608621,0.05257220,1,0,0,
1616,16.16,1.221404,5.272005,0.04207011,0,0,0,
1617,16.17,1.358271,5.882543,0.04157307,0,0,0,
1618,16.18,1.127385,5.764699,0.05182739,1,0,0,
1619,16.19,1.297772,5.899860,0.04231851,0,0,0,
1620,16.20,1.353639,5.964068,0.04529492,0,0,0,
1621,16.21,1.269831,5.759760,0.04894292,0,0,0,
1622,16.22,1.147435,4.252790,0.05424873,1,0,0,
1623,16.23,1.244690,4.983214,0.06991102,1,0,0,
1624,16.24,1.254906,5.288260,0.06034225,1,0,0,
1625,16.25,1.448929,5.828090,0.03606309,0,0,0,
1626,16.26,1.373133,5.836510,0.05382172,1,0,0,
1627,16.27,1.314282,5.882289,0.04655991,0,0,0,
1628,16.28,1.380069,5.996384,0.05145902,1,0,0,
1629,16.29,1.491354,6.102403,0.05025420,1,1,0,separated_segment
1630,16.30,1.452526,6.136709,0.05600349,1,1,0,separated_segment
1631,16.31,1.421389,6.212281,0.05099653,1,1,0,separated_segment
1632,16.32,1.204624,5.985701,0.04897272,0,0,0,
1633,16.33,1.184848,6.026376,0.04093070,0,0,0,
1634,16.34,0.904991,5.677343,0.05178353,1,0,0,
1635,16.35,1.186626,6.083952,0.05843443,1,1,0,separated_segment
1636,16.36,1.148341,6.310523,0.04500127,0,0,0,
1637,16.37,1.167480,6.305380,0.04702131,0,0,0,
1638,16.38,1.206202,6.174954,0.04320650,0,0,0,
1639,16.39,1.297672,6.294514,0.07355376,1,1,0,separated_segment
1640,16.40,1.286740,6.726180,0.05728840,1,1,0,separated_segment
1641,16.41,1.478333,7.115130,0.05478116,1,1,0,separated_segment
1642,16.42,1.477677,7.091992,0.06507721,1,1,0,separated_segment
1643,16.43,1.468826,7.206672,0.07123962,1,1,0,separated_segment
1644,16.44,1.350797,7.062581,0.07229918,1,1,0,separated_segment
1645,16.45,1.403718,7.293453,0.04966622,0,0,0,
1646,16.46,1.382235,7.251352,0.04353529,0,0,0,
1647,16.47,1.463539,7.257861,0.05302489,1,1,0,separated_segment
1648,16.48,1.419741,7.052459,0.04671879,0,0,0,
1649,16.49,1.278393,6.638596,0.04933853,0,0,0,
1650,16.50,1.423831,6.829547,0.05657240,1,1,0,separated_segment
1651,16.51,0.942100,5.266341,0.03982216,0,0,0,
1652,16.52,1.398364,6.563663,0.04310457,0,0,0,
1653,16.53,1.287955,6.065788,0.04798956,0,0,0,
1654,16.54,1.210358,6.254057,0.03921330,0,0,0,
1655,16.55,1.220149,6.640616,0.04720391,0,0,0,
1656,16.56,1.128073,6.309006,0.05429698,1,1,0,separated_segment
1657,16.57,1.006884,6.185866,0.04591040,0,0,0,
1658,16.58,1.122977,6.238448,0.05866716,1,1,0,separated_segment
1659,16.59,1.282430,6.313965,0.05180516,1,1,0,separated_segment
1660,16.60,1.420096,6.689093,0.04505963,0,0,0,
1661,16.61,1.343963,6.421894,0.06130931,1,1,0,separated_segment
1662,16.62,1.282200,6.268793,0.06561288,1,1,0,separated_segment
1663,16.63,1.496358,6.959944,0.04176617,0,0,0,
1664,16.64,1.219553,6.445635,0.05981619,1,1,0,separated_segment
1665,16.65,1.416194,6.874743,0.04125919,0,0,0,
1666,16.66,1.460295,6.982197,0.04176958,0,0,0,
1667,16.67,1.279294,6.746523,0.04417312,0,0,0,
1668,16.68,1.156818,6.379914,0.03976679,0,0,0,
1669,16.69,1.246518,6.893074,0.04695891,0,0,0,
1670,16.70,1.110984,6.593569,0.05388414,1,1,0,separated_segment
1671,16.71,1.038193,6.663948,0.05764858,1,1,0,separated_segment
1672,16.72,1.016162,6.655635,0.04869366,0,0,0,
1673,16.73,1.039429,6.592831,0.06319675,1,1,0,separated_segment
1674,16.74,1.213477,6.637985,0.03287477,0,0,0,
1675,16.75,1.258019,6.727935,0.04687727,0,0,0,
1676,16.76,1.208110,6.755324,0.04655082,0,0,0,
1677,16.77,1.244370,6.468858,0.04700807,0,0,0,
1678,16.78,1.057098,6.265779,0.05070651,1,1,0,separated_segment
1679,16.79,1.398400,6.614002,0.04721939,0,0,0,
1680,16.80,1.280856,6.395314,0.03764570,0,0,0,
1681,16.81,1.483872,6.503446,0.04499893,0,0,0,
1682,16.82,1.466349,6.372735,0.04324010,0,0,0,
1683,16.83,1.346088,6.162550,0.04516700,0,0,0,
1684,16.84,1.528026,6.256280,0.05359217,1,1,1,separated_segment
1685,16.85,1.521487,6.355258,0.05274116,1,1,0,separated_segment
1686,16.86,1.441552,6.333989,0.04190325,0,0,0,
1687,16.87,1.382606,6.306499,0.03859945,0,0,0,
1688,16.88,1.139388,6.140470,0.06287514,1,1,0,separated_segment
1689,16.89,0.925924,5.381041,0.03809695,0,0,0,
1690,16.90,1.102804,5.486810,0.04460830,0,0,0,
1691,16.91,1.141048,5.513876,0.05693064,1,0,0,
1692,16.92,0.919639,5.676416,0.06661814,1,0,0,
1693,16.93,0.908114,5.394010,0.05889403,1,0,0,
1694,16.94,1.280735,5.762664,0.04843864,0,0,0,
1695,16.95,1.147371,5.682258,0.05227679,1,0,0,
1696,16.96,1.047715,5.405553,0.05440824,1,0,0,
1697,16.97,1.135483,6.126362,0.03877718,0,0,0,
1698,16.98,1.473920,5.928845,0.05190244,1,0,0,
1699,16.99,1.442453,5.908605,0.04272320,0,0,0,
1700,17.00,1.505386,5.814109,0.04985283,0,0,0,
1701,17.01,1.486362,5.698171,0.06273929,1,0,0,
1702,17.02,1.551845,5.648835,0.04371175,0,0,0,
1703,17.03,1.513637,5.618175,0.03903951,0,0,0,
1704,17.04,1.191452,4.705772,0.04523359,0,0,0,
1705,17.05,1.052717,4.843335,0.03687285,0,0,0,
1706,17.06,1.164735,5.027906,0.05336021,1,0,0,
1707,17.07,0.946857,4.676488,0.04832288,0,0,0,
1708,17.08,0.996308,5.012132,0.05311970,1,0,0,
1709,17.09,1.264089,5.349807,0.06310620,1,0,0,
1710,17.10,1.028413,5.306822,0.04936343,0,0,0,
1711,17.11,0.844670,4.804258,0.03537838,0,0,0,
1712,17.12,0.855138,4.836799,0.04671736,0,0,0,
1713,17.13,0.872550,4.808825,0.05120001,1,0,0,
1714,17.14,0.879414,4.965116,0.05016594,1,0,0,
1715,17.15,1.142172,5.351188,0.04594875,0,0,0,
1716,17.16,1.086044,5.329893,0.05539942,1,0,0,
1717,17.17,1.142478,5.163546,0.05192664,1,0,0,
1718,17.18,0.910742,5.108655,0.05732056,1,0,0,
1719,17.19,1.238550,5.948392,0.04572035,0,0,0,
1720,17.20,0.935017,4.960265,0.04794692,0,0,0,
1721,17.21,1.362461,5.659456,0.07291136,1,0,0,
1722,17.22,1.454682,5.732413,0.04680666,0,0,0,
1723,17.23,1.292577,5.538680,0.02994954,0,0,0,
1724,17.24,1.067166,5.281535,0.05695016,1,0,0,
1725,17.25,1.057619,5.832029,0.04661210,0,0,0,
1726,17.26,1.002531,5.262817,0.05031347,1,0,0,
1727,17.27,0.911836,5.562420,0.04346477,0,0,0,
1728,17.28,0.885541,5.698590,0.06256452,1,0,0,
1729,17.29,1.095056,6.043473,0.06588610,1,1,0,separated_segment
1730,17.30,1.026933,5.974906,0.04579386,0,0,0,
1731,17.31,1.324259,6.659735,0.04820639,0,0,0,
1732,17.32,0.819084,5.298128,0.04291615,0,0,0,
1733,17.33,0.984961,5.586495,0.04327364,0,0,0,
1734,17.34,1.209481,6.723648,0.04579194,0,0,0,
1735,17.35,0.835819,5.221100,0.04245509,0,0,0,
1736,17.36,1.200895,5.644261,0.05111574,1,0,0,
1737,17.37,1.051029,5.659026,0.05659341,1,0,0,
1738,17.38,0.962018,5.507897,0.07239548,1,0,0,
1739,17.39,0.926434,5.515099,0.05844883,1,0,0,
1740,17.40,1.006388,5.645986,0.06203140,1,0,0,
1741,17.41,1.166179,5.850224,0.05306480,1,0,0,
1742,17.42,1.158048,5.935265,0.06546034,1,0,0,
1743,17.43,1.081917,5.963853,0.04221133,0,0,0,
1744,17.44,1.105092,5.922123,0.04107173,0,0,0,
1745,17.45,1.039982,5.748603,0.04564547,0,0,0,
1746,17.46,1.053688,5.776851,0.03929255,0,0,0,
1747,17.47,1.174033,5.927291,0.05246305,1,0,0,
1748,17.48,0.921595,5.491189,0.04400102,0,0,0,
1749,17.49,1.318396,5.994072,0.04267085,0,0,0,
1750,17.50,1.234602,5.924388,0.05596296,1,0,0,
1751,17.51,1.113384,5.722350,0.06184023,1,0,0,
1752,17.52,0.992143,5.467760,0.04737029,0,0,0,
1753,17.53,0.832992,5.127314,0.03988772,0,0,0,
1754,17.54,0.767686,5.152281,0.05577447,1,0,0,
1755,17.55,0.833738,5.243958,0.08238317,1,0,0,
1756,17.56,0.840749,5.406857,0.08848189,1,0,0,
1757,17.57,1.048536,5.554008,0.05592172,1,0,0,
1758,17.58,1.082916,5.522230,0.06051120,1,0,0,
1759,17.59,1.070849,5.591968,0.06379717,1,0,0,
1760,17.60,1.161285,5.602612,0.06609696,1,0,0,
1761,17.61,1.163811,5.816437,0.04586259,0,0,0,
1762,17.62,1.335694,6.068808,0.06412539,1,1,1,separated_segment
1763,17.63,1.174687,5.993718,0.04517414,0,0,0,
1764,17.64,1.264957,6.092934,0.06317635,1,1,0,separated_segment
1765,17.65,1.038833,5.906167,0.04598364,0,0,0,
1766,17.66,1.125224,6.610379,0.04843162,0,0,0,
1767,17.67,1.002824,6.269777,0.03743179,0,0,0,
1768,17.68,0.802417,6.192993,0.04580114,0,0,0,
1769,17.69,1.021993,6.254305,0.05265863,1,1,0,separated_segment
1770,17.70,1.046968,6.396925,0.05552922,1,1,0,separated_segment
1771,17.71,0.950663,6.515230,0.03779760,0,0,0,
1772,17.72,0.883959,6.441858,0.05175533,1,0,0,
1773,17.73,0.802678,6.304156,0.04901750,0,0,0,
1774,17.74,1.166242,7.096177,0.05789144,1,1,0,separated_segment
1775,17.75,1.149536,6.897226,0.04585196,0,0,0,
1776,17.76,1.333090,7.523320,0.04532914,0,0,0,
1777,17.77,1.254786,7.495225,0.05064614,1,1,0,separated_segment
1778,17.78,1.387962,7.718601,0.04220828,0,0,0,
1779,17.79,1.437667,7.738568,0.05071095,1,1,0,separated_segment
1780,17.80,1.487289,7.823483,0.05439518,1,1,1,separated_segment
1781,17.81,1.491462,7.883204,0.04598961,0,0,0,
1782,17.82,1.390715,7.842471,0.03575758,0,0,0,
1783,17.83,1.427342,8.068830,0.04122696,0,0,0,
1784,17.84,1.251073,8.103601,0.05557335,1,0,0,
1785,17.85,1.278308,8.094723,0.06221968,1,0,0,
1786,17.86,1.339098,8.104022,0.06044183,1,0,0,
1787,17.87,1.106410,8.032458,0.05497469,1,0,0,
1788,17.88,1.295019,8.135461,0.07338091,1,0,0,
1789,17.89,1.316169,8.197839,0.07190302,1,0,0,
1790,17.90,1.305288,8.135279,0.04612464,0,0,0,
1791,17.91,1.318051,8.122559,0.04375117,0,0,0,
1792,17.92,1.208156,7.874224,0.06237630,1,1,1,separated_segment
1793,17.93,1.137497,7.811298,0.04968463,0,0,0,
1794,17.94,1.154595,7.730268,0.04845225,0,0,0,
1795,17.95,1.206112,7.623869,0.07943398,1,1,0,separated_segment
1796,17.96,1.058964,6.410747,0.03966510,0,0,0,
1797,17.97,1.145088,6.536235,0.06107184,1,1,1,separated_segment
1798,17.98,1.115454,6.813610,0.05298257,1,1,0,separated_segment
1799,17.99,1.163104,6.588949,0.04841471,0,0,0,
1800,18.00,1.195277,6.329678,0.03331112,0,0,0,
1801,18.01,1.262916,6.356067,0.04541654,0,0,0,
1802,18.02,1.139188,5.321820,0.06020799,1,0,0,
1803,18.03,1.251279,5.621128,0.05197144,1,0,0,
1804,18.04,1.453283,6.109179,0.06223281,1,1,0,separated_segment
1805,18.05,1.323087,5.929925,0.05532815,1,0,0,
1806,18.06,1.294791,5.909202,0.03950639,0,0,0,
1807,18.07,1.201512,5.969375,0.04727446,0,0,0,
1808,18.08,1.120464,5.986187,0.05660518,1,0,0,
1809,18.09,0.919193,5.756245,0.03753141,0,0,0,
1810,18.10,1.219632,6.126089,0.05044095,1,1,0,separated_segment
1811,18.11,0.988243,5.748957,0.05807137,1,0,0,
1812,18.12,1.015795,5.106489,0.04188692,0,0,0,
1813,18.13,1.384741,6.306098,0.04513826,0,0,0,
1814,18.14,0.934946,5.820563,0.05160591,1,0,0,
1815,18.15,0.944928,5.857265,0.03826486,0,0,0,
1816,18.16,1.223639,6.495152,0.06646748,1,1,0,separated_segment
1817,18.17,1.167036,6.303567,0.04793099,0,0,0,
1818,18.18,1.237985,6.432121,0.04496904,0,0,0,
1819,18.19,1.262925,6.488607,0.05243262,1,1,0,separated_segment
1820,18.20,1.237747,6.834163,0.06811833,1,1,1,separated_segment
1821,18.21,1.078021,6.526177,0.03624239,0,0,0,
1822,18.22,1.279503,7.097286,0.06760561,1,1,0,separated_segment
1823,18.23,1.175197,7.120908,0.05741710,1,1,0,separated_segment
1824,18.24,1.423268,7.420166,0.03471240,0,0,0,
1825,18.25,1.489219,7.500453,0.04240917,0,0,0,
1826,18.26,1.218516,7.454251,0.05676103,1,1,0,separated_segment
1827,18.27,1.061907,7.372273,0.04765242,0,0,0,
1828,18.28,1.039887,7.781868,0.04625014,0,0,0,
1829,18.29,1.074352,7.652863,0.06236572,1,1,1,separated_segment
1830,18.30,1.108436,7.579702,0.05081587,1,1,0,separated_segment
1831,18.31,1.199887,8.959771,0.06545825,1,0,0,
1832,18.32,1.034614,7.723455,0.05752654,1,1,0,separated_segment
1833,18.33,1.286167,7.477686,0.04373529,0,0,0,
1834,18.34,1.364373,7.608370,0.03259721,0,0,0,
1835,18.35,1.334277,7.603321,0.03448278,0,0,0,
1836,18.36,1.221501,7.120204,0.03524380,0,0,0,
1837,18.37,1.348015,7.399604,0.03156055,0,0,0,
1838,18.38,1.083884,7.097466,0.05406816,1,1,0,separated_segment
1839,18.39,0.942333,6.703946,0.05022656,1,0,0,
1840,18.40,1.209988,7.189379,0.05303271,1,1,0,separated_segment
1841,18.41,1.339028,7.435071,0.04310548,0,0,0,
1842,18.42,1.332269,7.443847,0.03463377,0,0,0,
1843,18.43,1.032768,6.727139,0.04843757,0,0,0,
1844,18.44,1.160056,6.792312,0.05068840,1,1,0,separated_segment
1845,18.45,1.191244,6.789716,0.04068418,0,0,0,
1846,18.46,1.216153,6.878269,0.04373555,0,0,0,
1847,18.47,1.527640,7.349911,0.05178507,1,1,0,separated_segment
1848,18.48,1.325274,7.229470,0.05085361,1,1,0,separated_segment
1849,18.49,1.433057,7.354664,0.05892896,1,1,0,separated_segment
1850,18.50,1.519828,7.464143,0.04990541,0,0,0,
1851,18.51,1.469238,7.542175,0.04695988,0,0,0,
1852,18.52,1.278940,7.576213,0.05119480,1,1,1,separated_segment
1853,18.53,1.113611,7.483471,0.05395994,1,1,0,separated_segment
1854,18.54,1.025621,7.831697,0.07304640,1,1,0,separated_segment
1855,18.55,0.926122,7.534128,0.04335107,0,0,0,
1856,18.56,1.025799,8.486532,0.06004230,1,0,0,
1857,18.57,1.011803,7.853044,0.05270111,1,1,0,separated_segment
1858,18.58,1.184153,7.827288,0.04385049,0,0,0,
1859,18.59,1.080093,8.534229,0.08475758,1,0,0,
1860,18.60,1.188914,7.745615,0.03452788,0,0,0,
1861,18.61,1.123168,7.455141,0.04056481,0,0,0,
1862,18.62,1.071241,7.068375,0.04395262,0,0,0,
1863,18.63,0.925740,6.600581,0.03912942,0,0,0,
1864,18.64,1.165345,6.778578,0.06241427,1,1,1,separated_segment
1865,18.65,1.142477,6.774345,0.03537181,0,0,0,
1866,18.66,1.275387,7.255243,0.04985092,0,0,0,
1867,18.67,1.385250,7.489619,0.04612806,0,0,0,
1868,18.68,1.509805,7.716301,0.03502527,0,0,0,
1869,18.69,1.392454,7.736359,0.03953065,0,0,0,
1870,18.70,1.205984,7.629973,0.03959196,0,0,0,
1871,18.71,1.276227,7.526718,0.03547576,0,0,0,
1872,18.72,1.449307,7.785025,0.03942782,0,0,0,
1873,18.73,1.465884,7.754228,0.03807601,0,0,0,
1874,18.74,1.265769,7.566617,0.04314058,0,0,0,
1875,18.75,1.303014,7.628282,0.04574023,0,0,0,
1876,18.76,1.404662,7.764305,0.04260495,0,0,0,
1877,18.77,1.373238,7.708322,0.05053440,1,1,0,separated_segment
1878,18.78,1.460543,7.770717,0.03745995,0,0,0,
1879,18.79,1.630585,7.980161,0.04699262,0,0,0,
1880,18.80,1.456448,7.872942,0.04466538,0,0,0,
1881,18.81,1.193867,7.577006,0.05398416,1,1,0,separated_segment
1882,18.82,1.294189,7.752409,0.04731748,0,0,0,
1883,18.83,1.371845,8.061817,0.05224812,1,0,0,
1884,18.84,1.301641,7.862280,0.04226131,0,0,0,
1885,18.85,1.504360,8.124822,0.03674737,0,0,0,
1886,18.86,1.498826,8.101363,0.03779294,0,0,0,
1887,18.87,1.394586,7.986025,0.03122920,0,0,0,
1888,18.88,1.154845,7.682317,0.04230654,0,0,0,
1889,18.89,1.073319,7.674754,0.04057816,0,0,0,
1890,18.90,0.973407,7.528145,0.04510507,0,0,0,
1891,18.91,1.102678,8.022692,0.07468213,1,0,0,
1892,18.92,1.018075,6.687304,0.04280489,0,0,0,
1893,18.93,1.391804,7.056624,0.04899143,0,0,0,
1894,18.94,1.200891,6.591830,0.04688606,0,0,0,
1895,18.95,1.257255,6.803912,0.04737144,0,0,0,
1896,18.96,1.140581,6.674434,0.06130558,1,1,0,separated_segment
1897,18.97,1.134715,6.614787,0.03998302,0,0,0,
1898,18.98,1.281147,6.794588,0.03803437,0,0,0,
1899,18.99,1.314372,6.739389,0.04353471,0,0,0,
1900,19.00,1.117035,6.477948,0.05767234,1,1,0,separated_segment
1901,19.01,1.432396,7.220134,0.03025324,0,0,0,
1902,19.02,1.228334,6.714837,0.04416693,0,0,0,
1903,19.03,1.491718,7.235963,0.04538205,0,0,0,
1904,19.04,1.531453,7.247068,0.03732735,0,0,0,
1905,19.05,1.493431,7.208135,0.05319847,1,1,0,separated_segment
1906,19.06,1.487837,7.177765,0.04602274,0,0,0,
1907,19.07,1.437838,7.172382,0.04395591,0,0,0,
1908,19.08,1.278282,6.962317,0.03536753,0,0,0,
1909,19.09,1.319331,7.056538,0.04855286,0,0,0,
1910,19.10,1.179331,6.557687,0.05331029,1,1,0,separated_segment
1911,19.11,1.252609,6.794890,0.04242698,0,0,0,
1912,19.12,1.390305,7.076869,0.04855527,0,0,0,
1913,19.13,1.526733,7.151087,0.03543552,0,0,0,
1914,19.14,1.541474,7.203912,0.04449350,0,0,0,
1915,19.15,1.397985,7.138912,0.03969980,0,0,0,
1916,19.16,1.507875,7.346668,0.03501670,0,0,0,
1917,19.17,1.352543,7.257443,0.04207702,0,0,0,
1918,19.18,1.356005,7.272373,0.03620434,0,0,0,
1919,19.19,1.267509,7.164494,0.04057871,0,0,0,
1920,19.20,1.413399,7.346274,0.03905165,0,0,0,
1921,19.21,1.234062,7.223125,0.06082199,1,1,0,separated_segment
1922,19.22,1.080896,7.060261,0.06624677,1,1,1,separated_segment
1923,19.23,0.838371,6.204086,0.05165291,1,0,0,
1924,19.24,1.120128,7.132667,0.05789828,1,1,0,separated_segment
1925,19.25,0.987275,6.457691,0.06317039,1,0,0,
1926,19.26,1.156776,7.089200,0.04501714,0,0,0,
1927,19.27,1.359413,7.467406,0.04882091,0,0,0,
1928,19.28,1.400871,7.492724,0.04894297,0,0,0,
1929,19.29,1.590938,7.762124,0.04028125,0,0,0,
1930,19.30,1.654035,7.857454,0.03791849,0,0,0,
1931,19.31,1.470737,7.669193,0.04321984,0,0,0,
1932,19.32,1.359469,7.603118,0.03534027,0,0,0,
1933,19.33,1.376165,7.638744,0.03863250,0,0,0,
1934,19.34,1.351960,7.468863,0.04425665,0,0,0,
1935,19.35,1.381003,7.414852,0.05221870,1,1,0,separated_segment
1936,19.36,1.450944,7.564338,0.03688984,0,0,0,
1937,19.37,1.392679,7.599028,0.03138330,0,0,0,
1938,19.38,1.432940,7.686335,0.03945337,0,0,0,
1939,19.39,1.373410,7.605592,0.06483442,1,1,0,separated_segment
1940,19.40,1.402012,7.652700,0.05096154,1,1,0,separated_segment
1941,19.41,1.425447,7.685536,0.04353439,0,0,0,
1942,19.42,1.404386,7.728879,0.05624866,1,1,0,separated_segment
1943,19.43,1.376049,7.619362,0.06062043,1,1,0,separated_segment
1944,19.44,1.442100,7.826444,0.05163872,1,1,0,separated_segment
1945,19.45,1.429551,7.871799,0.05315176,1,1,0,separated_segment
1946,19.46,1.458235,7.956171,0.04268533,0,0,0,
1947,19.47,1.355649,7.779595,0.05791530,1,1,0,separated_segment
1948,19.48,1.277756,7.720829,0.05374368,1,1,0,separated_segment
1949,19.49,1.224718,7.375615,0.04772841,0,0,0,
1950,19.50,1.266031,7.524014,0.03595608,0,0,0,
1951,19.51,1.392533,8.104160,0.04292924,0,0,0,
1952,19.52,1.372531,8.042644,0.03629802,0,0,0,
1953,19.53,1.454982,8.111372,0.03688163,0,0,0,
1954,19.54,1.449728,8.159418,0.04722329,0,0,0,
1955,19.55,1.364639,7.912854,0.05394132,1,1,0,separated_segment
1956,19.56,1.463565,8.147152,0.04087158,0,0,0,
1957,19.57,1.492459,8.267944,0.04106466,0,0,0,
1958,19.58,1.481423,8.243765,0.03671744,0,0,0,
1959,19.59,1.372586,8.100851,0.05510651,1,0,0,
1960,19.60,1.387876,8.137339,0.05242487,1,0,0,
1961,19.61,1.351773,8.110770,0.03601401,0,0,0,
1962,19.62,1.533256,8.375234,0.04309947,0,0,0,
1963,19.63,1.556000,8.433471,0.04717550,0,0,0,
1964,19.64,1.257173,7.954338,0.04218872,0,0,0,
1965,19.65,1.186668,7.851704,0.04126624,0,0,0,
1966,19.66,1.110970,7.510303,0.05525898,1,1,1,separated_segment
1967,19.67,1.026463,7.378420,0.05219075,1,1,1,separated_segment
1968,19.68,1.107060,7.099895,0.03593657,0,0,0,
1969,19.69,1.145292,7.325421,0.04468022,0,0,0,
1970,19.70,1.123805,7.350759,0.04986918,0,0,0,
1971,19.71,0.924536,6.010479,0.04135690,0,0,0,
1972,19.72,1.035908,6.721054,0.05079512,1,1,0,separated_segment
1973,19.73,1.211600,7.211987,0.05398330,1,1,1,separated_segment
1974,19.74,1.240103,7.388634,0.04980516,0,0,0,
1975,19.75,1.272537,7.920069,0.03778407,0,0,0,
1976,19.76,1.244224,8.008650,0.04261758,0,0,0,
1977,19.77,1.232806,8.099349,0.04721939,0,0,0,
1978,19.78,1.337063,8.296880,0.04765493,0,0,0,
1979,19.79,1.455932,8.339510,0.04698258,0,0,0,
1980,19.80,1.519710,8.319715,0.06135143,1,0,0,
1981,19.81,1.437587,8.114001,0.06644205,1,0,0,
1982,19.82,1.535720,8.201651,0.06875306,1,0,0,
1983,19.83,1.470811,8.152428,0.08031807,1,0,0,
1984,19.84,1.248247,7.802271,0.06163601,1,1,0,separated_segment
1985,19.85,1.409260,8.278256,0.04638325,0,0,0,
1986,19.86,1.429550,8.279426,0.05785313,1,0,0,
1987,19.87,1.268709,8.066943,0.05359886,1,0,0,
1988,19.88,1.277432,7.935272,0.04684138,0,0,0,
1989,19.89,1.383262,8.064794,0.04131164,0,0,0,
1990,19.90,1.525701,8.182307,0.04886428,0,0,0,
1991,19.91,1.347692,7.436603,0.05269907,1,1,0,separated_segment
1992,19.92,1.370517,7.666462,0.03633896,0,0,0,
1993,19.93,1.173926,6.611713,0.03155182,0,0,0,
1994,19.94,1.333065,7.671047,0.04810965,0,0,0,
1995,19.95,1.353067,7.703860,0.03815407,0,0,0,
1996,19.96,1.335853,7.763076,0.04590384,0,0,0,
1997,19.97,1.287996,7.715513,0.04503375,0,0,0,
1998,19.98,1.362005,8.010399,0.05318360,1,0,0,
1999,19.99,1.269866,7.902004,0.04939924,0,0,0,
2000,20.00,1.314277,7.964906,0.05398677,1,1,1,separated_segment
